Id,MSSubClass,LotArea,LotConfig,OverallQual,LotFrontage,Neighborhood,OverallCond,BedroomAbvGr,TotRmsAbvGrd,TotalBsmtSF,YearBuilt,SalePrice
1,60,8450,Inside,7,65.0,CollgCr,5,3,8,856,2003,208.5
2,20,9600,FR2,6,80.0,Veenker,8,3,6,1262,1976,181.5
3,60,11250,Inside,7,68.0,CollgCr,5,3,6,920,2001,223.5
4,70,9550,Corner,7,60.0,Crawfor,5,3,7,756,1915,140.0
5,60,14260,FR2,8,84.0,NoRidge,5,4,9,1145,2000,250.0
6,50,14115,Inside,5,85.0,Mitchel,5,1,5,796,1993,143.0
7,20,10084,Inside,8,75.0,Somerst,5,3,7,1686,2004,307.0
8,60,10382,Corner,7,,NWAmes,6,3,7,1107,1973,200.0
9,50,6120,Inside,7,51.0,OldTown,5,2,8,952,1931,129.9
11,20,11200,Inside,5,70.0,Sawyer,5,3,5,1040,1965,129.5
12,60,11924,Inside,9,85.0,NridgHt,5,4,11,1175,2005,345.0
13,20,12968,Inside,5,,Sawyer,6,2,4,912,1962,144.0
14,20,10652,Inside,7,91.0,CollgCr,5,3,7,1494,2006,279.5
15,20,10920,Corner,6,,NAmes,5,2,5,1253,1960,157.0
16,45,6120,Corner,7,51.0,BrkSide,8,2,5,832,1929,132.0
17,20,11241,CulDSac,6,,NAmes,7,2,5,1004,1970,149.0
18,90,10791,Inside,4,72.0,Sawyer,5,2,6,0,1967,90.0
19,20,13695,Inside,5,66.0,SawyerW,5,3,6,1114,2004,159.0
20,20,7560,Inside,5,70.0,NAmes,6,3,6,1029,1958,139.0
21,60,14215,Corner,8,101.0,NridgHt,5,4,9,1158,2005,325.3
22,45,7449,Inside,7,57.0,IDOTRR,7,3,6,637,1930,139.4
23,20,9742,Inside,8,75.0,CollgCr,5,3,7,1777,2002,230.0
24,120,4224,Inside,5,44.0,MeadowV,7,3,6,1040,1976,129.9
25,20,8246,Inside,5,,Sawyer,8,3,6,1060,1968,154.0
26,20,14230,Corner,8,110.0,NridgHt,5,3,7,1566,2007,256.3
27,20,7200,Corner,5,60.0,NAmes,7,3,5,900,1951,134.8
28,20,11478,Inside,8,98.0,NridgHt,5,3,7,1704,2007,306.0
29,20,16321,CulDSac,5,47.0,NAmes,6,2,6,1484,1957,207.5
30,30,6324,Inside,4,60.0,BrkSide,6,1,4,520,1927,68.5
31,70,8500,Inside,4,50.0,IDOTRR,4,3,6,649,1920,40.0
32,20,8544,CulDSac,5,,Sawyer,6,3,6,1228,1966,149.35
33,20,11049,Corner,8,85.0,CollgCr,5,3,7,1234,2007,179.9
34,20,10552,Inside,5,70.0,NAmes,5,4,6,1398,1959,165.5
35,120,7313,Inside,9,60.0,NridgHt,5,2,6,1561,2005,277.5
36,60,13418,Inside,8,108.0,NridgHt,5,4,9,1117,2004,309.0
37,20,10859,Corner,5,112.0,CollgCr,5,3,6,1097,1994,145.0
38,20,8532,Inside,5,74.0,NAmes,6,3,5,1297,1954,153.0
39,20,7922,Inside,5,68.0,NAmes,7,3,5,1057,1953,109.0
40,90,6040,Inside,4,65.0,Edwards,5,2,6,0,1955,82.0
41,20,8658,Inside,6,84.0,NAmes,5,3,6,1088,1965,160.0
42,20,16905,Inside,5,115.0,Timber,6,2,5,1350,1959,170.0
43,85,9180,CulDSac,5,,SawyerW,7,2,5,840,1983,144.0
44,20,9200,CulDSac,5,,CollgCr,6,3,5,938,1975,130.25
45,20,7945,Inside,5,70.0,NAmes,6,3,6,1150,1959,141.0
46,120,7658,Inside,9,61.0,NridgHt,5,2,6,1752,2005,319.9
47,50,12822,CulDSac,7,48.0,Mitchel,5,1,6,1434,2003,239.686
48,20,11096,Inside,8,84.0,Somerst,5,3,7,1656,2006,249.7
50,20,7742,Inside,5,66.0,Sawyer,7,3,6,955,1966,127.0
51,60,13869,Corner,6,,Gilbert,6,3,6,794,1997,177.0
52,50,6240,Inside,6,52.0,BrkSide,6,3,6,816,1934,114.5
53,90,8472,Corner,5,110.0,IDOTRR,5,2,5,816,1963,110.0
55,80,7134,Inside,5,60.0,NAmes,5,3,6,384,1955,130.0
56,20,10175,Inside,6,100.0,NAmes,5,3,7,1425,1964,180.5
57,160,2645,Inside,8,24.0,Somerst,5,3,7,970,1999,172.5
58,60,11645,Corner,7,89.0,CollgCr,5,3,7,860,2004,196.5
60,20,7200,Inside,5,60.0,CollgCr,7,2,4,780,1972,124.9
61,20,13072,Inside,6,63.0,SawyerW,5,3,5,1158,2004,158.0
62,75,7200,Inside,5,60.0,IDOTRR,7,3,6,530,1920,101.0
63,120,6442,Inside,8,44.0,NridgHt,5,2,6,1370,2006,202.5
64,70,10300,Inside,7,50.0,OldTown,6,3,9,576,1921,140.0
65,60,9375,Inside,7,,CollgCr,5,3,8,1057,1997,219.5
66,60,9591,Inside,8,76.0,NridgHt,5,4,9,1143,2004,317.0
67,20,19900,Inside,7,,NAmes,5,3,7,1947,1970,180.0
68,20,10665,Inside,7,72.0,CollgCr,5,3,7,1453,2003,226.0
69,30,4608,Corner,4,47.0,OldTown,6,2,4,747,1945,80.0
70,50,15593,Corner,7,81.0,ClearCr,4,3,7,1304,1953,225.0
71,20,13651,Inside,7,95.0,NAmes,6,3,8,2223,1973,244.0
72,20,7599,Corner,4,69.0,Mitchel,6,2,4,845,1982,129.5
73,60,10141,Corner,7,74.0,Gilbert,5,3,7,832,1998,185.0
74,20,10200,Inside,5,85.0,NAmes,7,3,6,1086,1954,144.9
75,50,5790,Corner,3,60.0,OldTown,6,3,8,840,1915,107.4
76,180,1596,Inside,4,21.0,MeadowV,5,2,5,462,1973,91.0
77,20,8475,Inside,4,,NAmes,7,2,4,952,1956,135.75
78,50,8635,Inside,5,50.0,BrkSide,5,2,6,672,1948,127.0
79,90,10778,Inside,4,72.0,Sawyer,5,4,8,1768,1968,136.5
80,50,10440,Corner,5,60.0,OldTown,6,2,5,440,1910,110.0
81,60,13000,Corner,6,100.0,NAmes,6,4,8,896,1968,193.5
82,120,4500,FR2,6,32.0,Mitchel,5,2,5,1237,1998,153.5
83,20,10206,Inside,8,78.0,Somerst,5,3,6,1563,2007,245.0
84,20,8892,Inside,5,80.0,NAmes,5,3,6,1065,1960,126.5
85,80,8530,Inside,7,,Gilbert,5,3,7,384,1995,168.5
86,60,16059,Corner,8,121.0,NoRidge,5,4,9,1288,1991,260.0
87,60,11911,Inside,6,122.0,Gilbert,5,3,6,684,2005,174.0
88,160,3951,Corner,6,40.0,Somerst,5,2,4,612,2009,164.5
90,20,8070,Inside,4,60.0,CollgCr,5,3,5,990,1994,123.6
91,20,7200,Inside,4,60.0,NAmes,5,2,4,0,1950,109.9
92,20,8500,Inside,5,85.0,NAmes,3,2,6,1235,1961,98.6
93,30,13360,Inside,5,80.0,Crawfor,7,2,5,876,1921,163.5
95,60,9337,Inside,6,69.0,CollgCr,5,3,7,824,1997,204.75
96,60,9765,Corner,6,,Gilbert,8,3,6,680,1993,185.0
97,20,10264,Inside,7,78.0,CollgCr,5,3,6,1588,1999,214.0
98,20,10921,Inside,4,73.0,Edwards,5,3,6,960,1965,94.75
99,30,10625,Corner,5,85.0,Edwards,5,2,5,458,1920,83.0
100,20,9320,Inside,4,77.0,NAmes,5,3,6,950,1959,128.95
101,20,10603,Inside,6,,NWAmes,7,3,6,1610,1977,205.0
102,60,9206,Inside,6,77.0,SawyerW,5,3,7,741,1985,178.0
103,90,7018,Inside,5,64.0,SawyerW,5,4,8,0,1979,118.964
104,20,10402,Corner,7,94.0,CollgCr,5,3,6,1226,2009,198.9
105,50,7758,Corner,7,,IDOTRR,4,4,7,1040,1931,169.5
106,60,9375,Inside,8,75.0,Somerst,5,3,9,1053,2003,250.0
107,30,10800,Inside,4,60.0,OldTown,7,2,6,641,1885,100.0
108,20,6000,Inside,5,50.0,OldTown,5,2,5,789,1948,115.0
109,50,8500,Corner,5,85.0,IDOTRR,7,3,7,793,1919,115.0
110,20,11751,Inside,6,105.0,NWAmes,6,3,7,1844,1977,190.0
111,50,9525,Inside,6,75.0,Edwards,4,4,7,994,1954,136.9
112,80,7750,Inside,7,,Gilbert,5,3,7,384,2000,180.0
113,60,9965,Inside,7,77.0,CollgCr,5,4,10,1264,2007,383.97
114,20,21000,Corner,6,,Crawfor,5,3,7,1809,1953,217.0
115,70,7259,Inside,6,61.0,Crawfor,8,3,9,1028,1945,259.5
116,160,3230,Corner,6,34.0,Somerst,5,2,5,729,1999,176.0
117,20,11616,Inside,5,,Sawyer,5,3,6,1092,1962,139.0
118,20,8536,Corner,5,74.0,Edwards,5,2,5,1125,2006,155.0
119,60,12376,Corner,7,90.0,SawyerW,5,5,11,1673,1990,320.0
120,60,8461,Inside,6,65.0,CollgCr,5,3,8,728,2005,163.99
121,80,21453,CulDSac,6,,ClearCr,5,1,4,938,1969,180.0
122,50,6060,Inside,4,50.0,IDOTRR,5,3,4,732,1939,100.0
123,20,9464,Corner,6,75.0,NAmes,7,3,5,1080,1958,136.0
124,120,7892,Inside,6,55.0,SawyerW,5,2,5,1199,1993,153.9
125,20,17043,CulDSac,6,48.0,NWAmes,5,3,7,1362,1979,181.0
127,120,4928,Inside,6,,NPkVill,5,2,5,1078,1976,128.0
128,45,4388,Inside,5,55.0,OldTown,7,3,5,672,1930,87.0
129,60,7590,Inside,6,69.0,NAmes,5,3,6,660,1966,155.0
130,20,8973,Inside,5,69.0,NAmes,7,3,6,1008,1958,150.0
131,60,14200,Corner,7,88.0,NAmes,6,4,8,924,1966,226.0
132,60,12224,Corner,6,,Gilbert,5,3,7,992,2000,244.0
133,20,7388,Corner,5,75.0,NAmes,6,3,7,1063,1959,150.75
134,20,6853,Inside,8,,Timber,5,2,6,1267,2001,220.0
135,20,10335,Inside,5,78.0,Sawyer,6,3,7,1461,1968,180.0
136,20,10400,Inside,7,80.0,NWAmes,6,3,7,1304,1970,174.0
137,20,10355,Corner,5,,NAmes,5,3,5,1214,1967,143.0
138,90,11070,Inside,7,82.0,Mitchel,5,5,9,1907,1988,171.0
139,60,9066,Inside,8,73.0,CollgCr,5,3,7,1004,1999,230.0
140,60,15426,Inside,6,65.0,CollgCr,5,3,7,928,1997,231.5
141,20,10500,FR2,4,70.0,NAmes,5,3,5,864,1971,115.0
142,20,11645,Inside,7,78.0,CollgCr,5,3,7,1734,2005,260.0
143,50,8520,Corner,5,71.0,NAmes,4,4,6,910,1952,166.0
144,20,10335,Inside,7,78.0,CollgCr,5,3,6,1490,1999,204.0
146,160,2522,Inside,6,24.0,Edwards,5,3,7,970,2004,130.0
147,30,6120,Corner,5,51.0,BrkSide,7,2,5,715,1931,105.0
148,60,9505,CulDSac,7,,Gilbert,5,3,8,884,2001,222.5
149,20,7500,Inside,7,63.0,SawyerW,5,3,6,1080,2004,141.0
150,50,6240,Inside,5,,BrkSide,4,3,7,896,1936,115.0
151,20,10356,Corner,5,120.0,CollgCr,6,3,5,969,1975,122.0
152,20,13891,Inside,8,107.0,NridgHt,5,2,6,1710,2007,372.402
153,60,14803,CulDSac,6,,NWAmes,5,4,8,825,1971,190.0
154,20,13500,Inside,6,,ClearCr,7,1,4,1602,1960,235.0
155,30,11340,Corner,6,84.0,OldTown,5,4,7,1200,1923,125.0
156,50,9600,Corner,6,60.0,Edwards,5,2,5,572,1924,79.0
157,20,7200,Inside,5,60.0,NAmes,7,2,5,0,1950,109.5
158,60,12003,Corner,8,92.0,Timber,5,4,8,774,2009,269.5
159,60,12552,Corner,7,100.0,Somerst,5,3,8,991,2004,254.9
160,60,19378,Corner,7,134.0,Gilbert,5,4,9,1392,2005,320.0
161,20,11120,CulDSac,6,,Veenker,6,3,6,1232,1984,162.5
162,60,13688,Inside,9,110.0,NridgHt,5,3,10,1572,2003,412.5
163,20,12182,Corner,7,95.0,NridgHt,5,3,7,1541,2005,220.0
164,45,5500,Inside,4,55.0,OldTown,6,1,4,882,1956,103.2
165,40,5400,Corner,6,40.0,OldTown,7,3,5,1149,1926,152.0
167,20,10708,Inside,5,,ClearCr,5,2,7,1617,1955,190.0
168,60,10562,Inside,8,86.0,NridgHt,5,3,8,1582,2007,325.624
169,60,8244,Inside,7,62.0,Gilbert,5,3,7,840,2004,183.5
170,20,16669,Corner,8,,Timber,6,2,6,1686,1981,228.0
171,50,12358,Inside,5,,OldTown,6,2,7,720,1941,128.5
173,160,5306,Inside,7,44.0,StoneBr,7,2,5,1064,1987,239.0
174,20,10197,Inside,6,80.0,NAmes,5,3,6,1362,1961,163.0
175,20,12416,Inside,6,47.0,Timber,5,3,7,1606,1986,184.0
176,20,12615,Corner,6,84.0,Edwards,7,4,7,1202,1950,243.0
177,60,10029,Corner,6,97.0,ClearCr,5,4,8,1151,1988,211.0
178,50,13650,Inside,5,,Sawyer,5,4,8,1052,1958,172.5
180,30,8520,Inside,5,60.0,OldTown,6,2,5,968,1923,100.0
181,160,2117,Inside,6,,Somerst,5,3,5,756,2000,177.0
182,70,7588,Inside,7,54.0,Crawfor,6,4,9,793,1920,200.1
183,20,9060,Inside,5,60.0,Edwards,6,3,7,0,1957,120.0
184,50,11426,Inside,7,63.0,OldTown,5,3,6,1362,2003,200.0
185,50,7438,Inside,5,92.0,BrkSide,8,3,5,504,1908,127.0
187,80,9947,CulDSac,7,,Mitchel,5,3,6,1188,1990,173.0
188,50,10410,Inside,5,60.0,OldTown,7,3,8,660,1916,135.0
189,90,7018,Inside,5,64.0,SawyerW,5,2,6,1086,1979,153.337
191,70,10570,Inside,8,70.0,Crawfor,8,3,10,853,1932,315.0
193,20,9017,Inside,7,68.0,CollgCr,5,3,6,1431,1999,192.0
194,160,2522,Inside,7,24.0,Edwards,5,3,7,970,2004,130.0
195,20,7180,Inside,5,60.0,CollgCr,7,3,5,864,1972,127.0
196,160,2280,FR2,6,24.0,NPkVill,6,3,7,855,1976,148.5
197,20,9416,Inside,7,79.0,Somerst,5,3,8,1726,2007,311.872
199,75,5520,Corner,6,92.0,OldTown,6,5,8,755,1912,104.0
200,20,9591,Inside,8,76.0,NridgHt,5,3,7,1713,2004,274.9
201,20,8546,Corner,4,80.0,Edwards,5,2,5,1121,2003,140.0
202,20,10125,Inside,6,75.0,Mitchel,6,3,6,1196,1977,171.5
203,50,7000,Corner,6,50.0,OldTown,6,2,6,617,1924,112.0
204,120,4438,Inside,6,,CollgCr,5,1,3,848,2004,149.0
205,50,3500,Inside,5,50.0,OldTown,7,2,5,720,1947,110.0
206,20,11851,Corner,7,99.0,Gilbert,5,3,5,1424,1990,180.5
207,20,13673,CulDSac,5,40.0,Sawyer,5,3,8,1140,1962,143.9
208,20,12493,Inside,4,,NAmes,5,3,6,1100,1960,141.0
209,60,14364,Inside,7,,SawyerW,5,3,7,1157,1988,277.0
210,20,8250,Inside,6,75.0,NAmes,7,3,6,1092,1964,145.0
211,30,5604,Inside,5,67.0,Edwards,6,2,5,864,1925,98.0
212,20,10420,Corner,6,83.0,Edwards,5,3,6,1212,2009,186.0
213,60,8640,Inside,7,72.0,Somerst,5,3,7,900,2009,252.678
214,20,13568,CulDSac,5,43.0,CollgCr,5,3,5,990,1995,156.0
215,60,10900,FR2,6,,CollgCr,7,3,6,689,1977,161.75
216,20,10011,Inside,5,72.0,NAmes,6,2,6,1070,1957,134.45
217,20,8450,Inside,7,65.0,CollgCr,5,3,8,1436,2004,210.0
218,70,9906,Inside,4,57.0,OldTown,4,3,8,686,1925,107.0
220,120,3010,Inside,7,43.0,Blmngtn,5,2,5,1248,2005,167.24
221,20,8990,Inside,7,73.0,CollgCr,5,2,5,1498,2006,204.9
222,60,8068,Inside,6,,Gilbert,5,4,8,1010,2002,200.0
223,60,11475,Inside,6,85.0,NWAmes,6,3,6,713,1975,179.9
224,20,10500,FR2,4,70.0,NAmes,6,2,4,864,1971,97.0
226,160,1680,Inside,5,21.0,BrDale,5,3,6,630,1971,112.0
227,60,9950,Inside,7,82.0,NoRidge,5,4,9,1203,1995,290.0
228,160,1869,Inside,6,21.0,BrDale,6,2,5,483,1970,106.0
229,20,8521,FR2,5,70.0,Sawyer,5,3,5,912,1967,125.0
230,120,3182,Inside,7,43.0,Blmngtn,5,2,7,1373,2005,192.5
231,20,8760,Inside,6,73.0,NAmes,6,3,6,1194,1959,148.0
233,160,1680,Inside,6,21.0,BrDale,5,2,5,483,1972,94.5
234,20,10650,Corner,5,75.0,CollgCr,6,3,5,894,1976,128.2
235,60,7851,Inside,6,,Gilbert,5,4,8,860,2002,216.5
236,160,1680,Inside,6,21.0,BrDale,3,2,5,483,1971,89.5
237,20,8773,FR2,7,65.0,CollgCr,5,3,6,1414,2004,185.5
238,60,9453,CulDSac,7,,SawyerW,7,3,7,996,1993,194.5
239,20,12030,Inside,8,93.0,NridgHt,5,3,7,1694,2007,318.0
240,50,8741,Inside,6,52.0,Edwards,4,3,7,735,1945,113.0
241,20,9000,Inside,8,75.0,Somerst,5,3,7,1566,2008,262.5
243,50,5000,Corner,5,63.0,OldTown,4,3,6,540,1900,79.0
244,160,10762,Corner,6,75.0,SawyerW,6,3,6,626,1980,120.0
245,60,8880,Inside,7,,SawyerW,5,3,8,948,1994,205.0
246,20,10400,Inside,7,80.0,NWAmes,5,3,6,1845,1988,241.5
248,20,11310,Inside,6,75.0,NAmes,5,2,5,1367,1954,140.0
249,60,11317,Inside,7,72.0,CollgCr,5,3,8,840,2003,180.0
252,120,4750,Inside,8,44.0,Crawfor,5,2,5,1573,2006,235.0
253,60,8366,Inside,6,65.0,SawyerW,5,3,6,798,2004,173.0
254,80,9350,Inside,6,85.0,NAmes,7,3,7,1302,1964,158.0
255,20,8400,Inside,5,70.0,NAmes,6,3,5,1314,1957,145.0
256,60,8738,Inside,7,66.0,Gilbert,5,4,8,975,1999,230.0
257,60,8791,Inside,6,64.0,Somerst,5,3,7,864,2003,207.5
258,20,8814,Inside,7,68.0,CollgCr,5,3,8,1604,2006,220.0
259,60,12435,Inside,7,80.0,CollgCr,5,3,7,963,2001,231.5
260,20,12702,Inside,5,70.0,OldTown,5,2,4,0,1956,97.0
261,80,19296,Corner,6,120.0,NAmes,5,3,6,1362,1962,176.0
262,60,9588,Inside,8,69.0,CollgCr,5,3,10,1482,2007,276.0
263,80,8471,Corner,6,88.0,Sawyer,7,3,6,506,1977,151.0
264,50,5500,Corner,5,50.0,OldTown,7,3,6,926,1929,130.0
265,30,5232,Inside,5,30.0,OldTown,5,2,4,680,1925,73.0
266,20,12090,Inside,6,78.0,NWAmes,6,3,7,1422,1981,175.5
267,60,11207,FR2,6,70.0,Gilbert,5,3,8,802,1997,185.0
268,75,8400,Inside,5,60.0,SWISU,8,4,8,720,1939,179.5
269,30,6900,Inside,5,71.0,IDOTRR,6,2,4,740,1940,120.5
270,20,7917,Corner,6,,Edwards,7,3,6,1143,1976,148.0
271,60,10728,Inside,8,84.0,Somerst,5,3,8,1095,2006,266.0
272,20,39104,CulDSac,7,73.0,ClearCr,7,2,5,1385,1954,241.5
273,60,11764,CulDSac,8,92.0,NoRidge,7,4,9,1152,1999,290.0
274,20,9600,Inside,6,80.0,NAmes,6,3,6,1240,1958,139.0
275,20,8314,Corner,5,76.0,Mitchel,7,2,5,816,1982,124.5
276,50,7264,Inside,7,55.0,BrkSide,7,3,5,952,1925,205.0
277,20,9196,Inside,7,129.0,Mitchel,5,3,7,1560,2003,201.0
279,20,14450,Inside,9,107.0,NridgHt,5,3,8,2121,2006,415.298
280,60,10005,Inside,7,83.0,ClearCr,5,4,8,1160,1977,192.0
281,60,11287,Inside,7,82.0,SawyerW,6,3,7,807,1989,228.5
282,20,7200,Inside,6,60.0,Somerst,5,2,5,1262,2006,185.0
283,120,5063,Inside,7,34.0,NridgHt,5,2,6,1314,2007,207.5
284,20,9612,Inside,8,74.0,Somerst,5,3,6,1468,2008,244.6
285,120,8012,Inside,6,50.0,SawyerW,5,2,5,1575,1992,179.2
286,160,4251,Inside,7,35.0,Somerst,5,2,5,625,2006,164.7
287,50,9786,Inside,6,77.0,NAmes,7,3,7,912,1962,159.0
288,20,8125,Corner,4,,NAmes,4,3,5,858,1971,88.0
289,20,9819,Inside,5,,Sawyer,5,3,5,882,1967,122.0
290,70,8730,Inside,6,60.0,BrkSide,7,3,7,698,1915,153.575
291,60,15611,Inside,8,120.0,CollgCr,5,3,8,1079,2006,233.23
293,50,11409,Inside,5,60.0,Edwards,4,3,8,768,1949,131.0
294,60,16659,Corner,7,,NWAmes,7,3,9,795,1977,235.0
295,20,9600,Inside,6,80.0,NAmes,5,3,7,1416,1953,167.0
296,80,7937,CulDSac,6,37.0,Mitchel,6,3,6,1003,1984,142.5
297,50,13710,Inside,5,75.0,IDOTRR,5,4,6,910,1950,152.0
298,60,7399,Inside,7,66.0,Somerst,5,3,7,975,1997,239.0
299,60,11700,Inside,6,90.0,NWAmes,6,3,7,702,1968,175.0
300,20,14000,Inside,6,80.0,Crawfor,8,3,6,1092,1950,158.5
302,60,16226,Inside,8,66.0,CollgCr,5,4,9,1028,1998,267.0
303,20,13704,Corner,7,118.0,CollgCr,5,3,6,1541,2001,205.0
304,20,9800,Corner,5,70.0,CollgCr,7,3,5,894,1972,149.9
306,20,10386,Inside,8,80.0,CollgCr,5,3,8,2000,2004,305.9
307,60,13474,Inside,7,116.0,SawyerW,5,4,8,700,1990,225.0
308,50,7920,Inside,6,,IDOTRR,7,3,6,319,1920,89.5
309,30,12342,Inside,4,,Edwards,5,1,4,861,1940,82.5
310,20,12378,Inside,9,90.0,NridgHt,5,3,8,1896,2003,360.0
311,60,7685,Inside,6,,Gilbert,5,3,6,697,1993,165.6
312,20,8000,Inside,6,50.0,NAmes,6,2,5,972,1948,132.0
315,70,9600,Inside,7,60.0,OldTown,7,3,6,728,1925,178.0
316,60,7795,Inside,7,71.0,Gilbert,5,3,6,716,2004,188.5
317,60,13005,Corner,7,94.0,NWAmes,7,4,10,845,1980,260.0
318,60,9000,Inside,8,75.0,Somerst,5,3,8,1088,2006,270.0
319,60,9900,Inside,7,90.0,NoRidge,5,4,9,1347,1993,260.0
320,80,14115,Inside,7,,NWAmes,5,3,6,1372,1980,187.5
321,60,16259,Corner,9,111.0,NridgHt,5,4,9,1249,2006,342.643
322,60,12099,Inside,8,99.0,NridgHt,5,4,10,1136,2004,354.0
323,60,10380,Inside,7,86.0,SawyerW,5,4,8,1502,1986,301.0
324,20,5820,Inside,3,49.0,OldTown,8,3,6,1162,1955,126.175
325,80,11275,Corner,7,96.0,NAmes,7,5,11,710,1967,242.0
326,45,5000,Inside,5,50.0,IDOTRR,6,2,5,720,1941,87.0
327,120,10846,CulDSac,8,32.0,Veenker,5,1,6,1719,1993,324.0
328,20,11600,Inside,6,80.0,NAmes,5,3,7,1383,1960,145.25
329,75,11888,Inside,6,,BrkSide,6,5,10,844,1916,214.5
330,70,6402,Corner,5,60.0,IDOTRR,5,3,6,596,1920,78.0
332,20,8176,Inside,5,70.0,NAmes,6,3,6,1056,1958,139.0
334,120,8198,FR3,7,59.0,NridgHt,5,2,6,1358,2004,207.0
335,60,9042,Inside,6,59.0,Gilbert,5,3,7,943,1998,192.0
337,20,14157,Corner,9,86.0,StoneBr,5,3,8,1922,2005,377.426
338,20,9135,Inside,7,70.0,CollgCr,5,3,7,1536,2002,214.0
339,20,14145,Corner,7,91.0,NWAmes,7,3,8,1208,1984,202.5
340,20,12400,Inside,6,66.0,NAmes,7,3,6,1215,1958,155.0
341,60,14191,Inside,8,85.0,Timber,5,4,9,967,2002,202.9
342,20,8400,Inside,4,60.0,SawyerW,4,2,4,721,1950,82.0
343,90,8544,Inside,3,,NAmes,4,2,6,0,1949,87.5
344,120,8849,Inside,9,63.0,NridgHt,5,2,6,1684,2005,266.0
345,160,2592,Inside,5,36.0,MeadowV,3,3,4,536,1976,85.0
346,50,6435,Inside,6,65.0,BrkSide,5,3,6,972,1939,140.2
347,20,12772,CulDSac,6,,NAmes,8,2,5,958,1960,151.5
348,20,17600,Inside,6,,NAmes,5,3,6,1478,1960,157.5
349,160,2448,Inside,7,36.0,NridgHt,5,2,6,764,2003,154.0
351,120,7820,Inside,9,68.0,NridgHt,5,2,6,1869,2007,318.061
352,120,5271,Inside,7,,ClearCr,5,2,6,1453,1986,190.0
353,50,9084,Inside,5,60.0,Edwards,6,3,5,616,1941,95.0
354,30,8520,Inside,6,60.0,OldTown,8,2,5,624,1928,105.9
355,50,8400,Inside,6,60.0,SWISU,5,2,6,940,1940,140.0
356,20,11249,Inside,6,105.0,CollgCr,5,3,6,1200,1995,177.5
357,20,9248,Inside,6,,Gilbert,6,3,6,1158,1992,173.0
358,120,4224,Inside,5,44.0,MeadowV,5,3,6,1142,1976,134.0
359,80,6930,Inside,5,92.0,ClearCr,4,3,6,1062,1958,130.0
360,60,12011,CulDSac,8,78.0,NoRidge,5,3,7,1086,1998,280.0
361,85,7540,CulDSac,6,,Mitchel,6,2,5,888,1978,156.0
362,50,9144,Inside,5,,BrkSide,5,3,8,883,1940,145.0
363,85,7301,Corner,7,64.0,Edwards,5,4,7,0,2003,198.5
364,160,1680,Inside,6,21.0,BrDale,8,2,5,483,1972,118.0
365,60,18800,FR2,6,,NWAmes,5,3,6,796,1976,190.0
366,70,10690,Inside,5,59.0,IDOTRR,7,3,6,672,1920,147.0
367,20,9500,Inside,6,,NAmes,5,3,6,1394,1963,159.0
368,80,9150,Corner,6,101.0,NAmes,5,3,6,1099,1962,165.0
369,20,7800,Inside,5,78.0,NAmes,6,2,7,1268,1954,132.0
370,20,9830,Corner,5,,NAmes,7,3,7,1063,1959,162.0
371,60,8121,Inside,6,,Gilbert,5,3,7,953,2000,172.4
372,50,17120,Inside,4,80.0,ClearCr,4,4,7,0,1959,134.432
373,120,7175,Inside,6,50.0,SawyerW,5,2,4,744,1984,125.0
374,20,10634,Inside,5,79.0,NAmes,6,3,5,608,1953,123.0
375,60,8200,Inside,7,65.0,CollgCr,5,4,8,847,2003,219.5
377,85,8846,CulDSac,5,57.0,CollgCr,5,2,5,870,1996,148.0
378,60,11143,Corner,8,102.0,Somerst,5,4,8,1580,2004,340.0
380,60,8123,Inside,6,60.0,Gilbert,5,3,7,982,2000,179.0
381,50,5000,Inside,5,50.0,SWISU,6,3,6,1026,1924,127.0
382,20,7200,Inside,7,60.0,Somerst,5,2,5,1293,2006,187.75
383,60,9245,Inside,7,79.0,CollgCr,5,3,8,939,2006,213.5
384,45,9000,Corner,6,60.0,SawyerW,3,2,5,784,1928,76.0
386,120,3182,Inside,8,43.0,Blmngtn,5,2,6,1256,2004,192.0
387,50,8410,FR2,5,58.0,Edwards,3,5,8,658,1910,81.0
388,80,7200,Inside,6,72.0,Edwards,6,3,6,1041,1976,125.0
389,20,9382,CulDSac,7,93.0,CollgCr,5,3,6,1468,1999,191.0
391,50,8405,Inside,5,50.0,Edwards,8,4,7,861,1900,119.0
392,60,12209,CulDSac,6,71.0,Mitchel,5,3,7,804,2001,215.0
393,20,8339,Inside,5,,NAmes,7,3,5,0,1959,106.5
394,30,7446,Corner,4,,BrkSide,5,2,4,788,1941,100.0
395,50,10134,Inside,5,60.0,OldTown,6,2,5,735,1940,109.0
396,20,9571,Inside,5,68.0,Edwards,6,3,6,1144,1956,129.0
397,20,7200,Inside,5,60.0,CollgCr,5,2,6,894,1972,123.0
398,60,7590,Inside,5,69.0,NAmes,5,4,8,864,1962,169.5
400,60,8125,Inside,7,65.0,Somerst,5,2,7,1092,2006,241.0
401,120,14963,Inside,8,38.0,Veenker,5,1,4,1260,1996,245.5
402,20,8767,Inside,7,65.0,CollgCr,5,3,6,1310,2005,164.99
403,30,10200,Inside,5,60.0,Sawyer,8,2,4,672,1940,108.0
404,60,12090,Corner,8,93.0,NoRidge,5,4,10,1141,1998,258.0
405,60,10364,Inside,6,,Gilbert,5,3,7,806,1995,168.0
406,20,9991,Corner,4,,Sawyer,4,3,8,1281,1976,150.0
407,50,10480,Inside,6,51.0,SWISU,5,3,6,1064,1936,115.0
408,70,15576,Inside,6,63.0,Crawfor,7,4,8,840,1915,177.0
409,60,14154,Corner,7,109.0,NridgHt,5,3,9,1063,2006,280.0
410,60,10800,Inside,8,85.0,Somerst,5,3,8,1034,2007,339.75
411,20,9571,Inside,5,68.0,Edwards,3,3,5,1276,1958,60.0
413,20,4403,Inside,7,,Somerst,5,2,7,1470,2009,222.0
414,30,8960,Inside,5,56.0,OldTown,6,2,5,1008,1927,115.0
415,60,11228,CulDSac,7,59.0,SawyerW,5,3,9,1080,1993,228.0
416,20,8899,Inside,7,73.0,Gilbert,5,3,6,1340,2007,181.134
417,60,7844,Inside,6,74.0,Sawyer,7,3,6,672,1978,149.5
418,70,22420,Inside,6,86.0,Crawfor,6,4,10,1370,1918,239.0
419,50,8160,Inside,5,60.0,Edwards,6,3,7,756,1940,126.0
420,20,8450,Inside,5,65.0,NAmes,6,3,6,1056,1968,142.0
421,90,7060,Inside,7,78.0,Mitchel,5,2,8,1344,1997,206.3
422,20,16635,FR2,6,,NWAmes,7,3,8,1602,1977,215.0
423,20,21750,Inside,5,100.0,Mitchel,5,2,4,988,1954,113.0
424,60,9200,Inside,8,80.0,NoRidge,5,4,8,1470,1998,315.0
425,20,9000,Inside,6,72.0,NAmes,5,2,6,1196,1956,139.0
426,60,3378,Inside,7,60.0,OldTown,8,3,6,651,1946,135.0
427,80,12800,Inside,7,,SawyerW,5,2,5,1518,1989,275.0
428,20,8593,Inside,4,77.0,NAmes,6,3,5,907,1957,109.008
429,20,6762,Inside,7,64.0,CollgCr,5,2,6,1208,2007,195.4
430,20,11457,Corner,6,130.0,Timber,5,3,6,1392,1988,175.0
431,160,1680,Inside,6,21.0,BrDale,5,2,4,483,1971,85.4
432,50,5586,Inside,6,60.0,OldTown,7,4,7,901,1920,79.9
433,160,1920,Inside,5,24.0,BrDale,5,2,6,765,1971,122.5
434,60,10839,Corner,6,100.0,Gilbert,5,3,7,926,1997,181.0
435,180,1890,Inside,4,21.0,MeadowV,7,1,3,630,1972,81.0
436,60,10667,CulDSac,7,43.0,CollgCr,6,3,6,799,1996,212.0
437,50,4400,Inside,6,40.0,OldTown,8,2,6,648,1920,116.0
438,45,6000,Inside,6,50.0,BrkSide,7,2,4,884,1926,119.0
439,30,4280,Inside,5,40.0,Crawfor,6,2,4,440,1913,90.35
440,50,12354,Corner,6,67.0,Edwards,8,3,7,684,1920,110.0
442,90,12108,Inside,4,92.0,Edwards,4,4,8,1440,1955,118.0
443,50,6240,Inside,5,52.0,BrkSide,7,3,8,1078,1930,162.9
444,120,3922,Inside,7,53.0,Blmngtn,5,2,6,1258,2006,172.5
445,60,8750,Inside,7,70.0,CollgCr,5,4,8,915,1994,210.0
446,20,9855,Corner,6,73.0,Edwards,5,3,7,1436,1956,127.5
448,60,11214,Corner,7,,Gilbert,5,4,10,930,1998,199.9
449,50,8600,Inside,6,50.0,IDOTRR,6,3,7,780,1937,119.5
450,50,6000,Inside,3,50.0,OldTown,7,2,6,649,1948,120.0
451,30,5684,Inside,6,70.0,OldTown,8,2,5,813,1930,110.0
453,60,9303,Corner,6,,Timber,5,3,7,872,1996,204.0
454,60,9000,Inside,8,75.0,Somerst,5,3,6,768,2008,210.0
455,90,9297,Inside,5,63.0,Mitchel,5,4,8,1728,1976,188.0
456,20,9600,Inside,7,80.0,NWAmes,6,3,6,1242,1973,175.5
457,70,4571,Inside,5,34.0,OldTown,5,4,7,624,1916,98.0
459,70,5100,Inside,8,,OldTown,7,3,7,588,1925,161.0
460,50,7015,Corner,5,,BrkSide,4,3,5,709,1950,110.0
461,60,8004,Inside,8,75.0,Somerst,5,3,8,832,2009,263.435
463,20,8281,Inside,5,60.0,Sawyer,5,3,5,864,1965,62.383
464,70,11988,Inside,6,74.0,Crawfor,7,3,6,715,1934,188.7
465,20,8430,Inside,5,60.0,CollgCr,5,3,5,1040,1978,124.0
466,120,3072,Inside,7,,Blmngtn,5,2,6,1375,2004,178.74
467,20,10628,Inside,7,85.0,NAmes,5,2,5,1277,1970,167.0
468,70,9480,Inside,5,79.0,NAmes,7,3,7,728,1942,146.5
469,20,11428,Inside,8,98.0,NridgHt,5,3,7,1626,2006,250.0
470,60,9291,Corner,6,76.0,SawyerW,5,3,7,832,1993,187.0
471,120,6820,Corner,8,,StoneBr,5,1,4,1488,1985,212.0
472,60,11952,Inside,7,92.0,NWAmes,6,3,8,808,1977,190.0
473,180,3675,Inside,6,35.0,Edwards,5,2,5,547,2005,148.0
475,120,5330,Inside,8,41.0,StoneBr,5,2,6,1494,2000,251.0
476,20,8480,Corner,5,80.0,Sawyer,6,2,5,970,1963,132.5
477,20,13125,Inside,6,75.0,CollgCr,5,3,7,1478,1997,208.9
478,60,13693,Inside,9,105.0,NridgHt,5,3,9,2153,2006,380.0
479,20,10637,Inside,8,79.0,CollgCr,5,3,7,1705,2007,297.0
480,30,5925,Inside,4,50.0,OldTown,7,2,7,907,1937,89.471
481,20,16033,FR2,9,98.0,NridgHt,5,3,8,1833,2004,326.0
482,20,11846,Inside,9,72.0,NridgHt,5,2,6,1792,2003,374.0
483,70,2500,Corner,7,50.0,OldTown,8,4,7,910,1915,155.0
484,120,4500,FR2,6,32.0,Mitchel,5,2,5,1216,1998,164.0
485,20,7758,Corner,5,,Sawyer,7,3,6,999,1962,132.5
486,20,9600,Inside,5,80.0,NAmes,7,3,5,1113,1950,147.0
487,20,10289,Inside,5,79.0,NAmes,7,3,6,1073,1965,156.0
488,20,12243,Inside,5,70.0,NWAmes,6,3,7,1484,1971,175.0
490,180,1526,Inside,4,21.0,MeadowV,8,1,3,630,1970,86.0
491,160,2665,Inside,5,,MeadowV,6,3,4,264,1976,115.0
492,50,9490,Inside,6,79.0,NAmes,7,3,5,806,1941,133.0
493,60,15578,Corner,6,105.0,Gilbert,5,3,8,728,2006,172.785
494,20,7931,Inside,5,70.0,NAmes,6,3,6,1269,1960,155.0
495,30,5784,Inside,5,50.0,OldTown,8,2,4,190,1938,91.3
496,30,7879,Inside,4,60.0,IDOTRR,5,2,4,720,1920,34.9
498,50,9120,Inside,7,60.0,BrkSide,6,4,8,1026,1925,184.0
499,20,7800,Inside,5,65.0,Sawyer,7,3,5,864,1967,130.0
500,20,7535,Inside,5,70.0,NAmes,7,2,5,912,1958,120.0
501,160,1890,Inside,6,21.0,BrDale,5,3,7,672,1973,113.0
502,60,9803,Inside,7,75.0,Somerst,5,3,7,866,2005,226.7
503,20,9170,Corner,5,70.0,Edwards,7,2,6,1214,1965,140.0
504,20,15602,Inside,7,100.0,Crawfor,8,1,6,1501,1959,289.0
505,160,2308,Inside,6,24.0,NPkVill,5,3,6,855,1974,147.0
506,90,7596,Inside,5,60.0,OldTown,5,4,10,960,1952,124.5
507,60,9554,Inside,8,80.0,SawyerW,5,3,8,777,1993,215.0
508,20,7862,Inside,6,75.0,Somerst,5,2,4,1218,2009,208.3
510,20,9600,Corner,5,80.0,NAmes,6,3,6,1041,1959,124.5
511,20,14559,Inside,5,75.0,NAmes,7,2,6,1008,1951,164.9
512,120,6792,Inside,7,40.0,NridgHt,5,2,6,1368,2005,202.665
513,20,9100,Corner,5,70.0,NAmes,5,3,5,864,1958,129.9
514,20,9187,Corner,6,71.0,Mitchel,5,3,5,1084,1983,134.0
515,45,10594,Inside,5,55.0,Crawfor,5,2,5,768,1926,96.5
516,20,12220,Inside,10,94.0,NridgHt,5,3,9,2006,2009,402.861
517,80,10448,Corner,6,,NWAmes,6,3,7,689,1972,158.0
518,60,10208,Inside,7,79.0,NoRidge,5,3,7,1264,1996,265.0
519,60,9531,CulDSac,6,,CollgCr,5,3,7,794,1998,211.0
522,20,11988,Corner,6,90.0,NAmes,6,3,6,1244,1957,150.0
523,50,5000,Corner,6,50.0,BrkSide,7,3,7,1004,1947,159.0
525,60,11787,Inside,7,95.0,NoRidge,5,3,8,1379,1996,315.75
526,20,7500,Inside,7,62.0,Somerst,5,3,6,1257,2005,176.0
527,20,13300,Inside,5,70.0,NAmes,7,2,4,928,1956,132.0
529,30,9098,Inside,4,58.0,Edwards,7,2,5,528,1920,86.0
530,20,32668,CulDSac,6,,Crawfor,3,4,9,2035,1957,200.624
531,80,10200,Inside,6,85.0,Timber,5,3,5,1461,1988,175.0
532,70,6155,FR3,6,60.0,BrkSide,8,3,6,611,1920,128.0
533,20,7200,Inside,5,60.0,NAmes,7,2,5,0,1955,107.5
535,60,9056,Inside,8,74.0,Gilbert,5,3,6,707,2004,178.0
537,60,8924,CulDSac,7,57.0,CollgCr,5,3,8,880,1998,188.0
538,20,12735,FR2,4,,NAmes,5,3,5,864,1972,111.25
539,20,11553,Inside,5,,Sawyer,5,3,7,1051,1968,158.0
540,20,11423,Inside,8,,CollgCr,5,3,6,1581,2001,272.0
541,20,14601,Inside,9,85.0,Timber,5,2,8,1838,2006,315.0
542,60,11000,FR2,8,,NoRidge,5,4,8,969,2000,248.0
543,20,10140,Inside,7,78.0,NWAmes,5,3,7,1650,1998,213.25
544,120,4058,Inside,7,34.0,NAmes,5,1,4,723,1998,133.0
545,60,17104,Inside,7,58.0,Gilbert,5,3,7,654,2006,179.665
546,50,13837,Corner,7,,NWAmes,5,4,9,1204,1988,229.0
547,50,8737,Inside,6,70.0,BrkSide,7,3,6,1065,1923,210.0
548,85,7244,Inside,5,54.0,Mitchel,7,2,5,768,1970,129.5
549,20,8235,Inside,5,49.0,OldTown,7,2,4,825,1955,125.0
550,60,9375,Inside,7,75.0,Somerst,5,4,8,912,2003,263.0
551,120,4043,Inside,6,53.0,NPkVill,6,2,4,1069,1977,140.0
552,20,6000,Inside,5,50.0,OldTown,6,3,5,928,1957,112.5
553,20,11146,Inside,8,87.0,NridgHt,5,3,7,1709,2006,255.5
554,20,8777,Inside,4,67.0,Edwards,5,2,5,0,1949,108.0
555,60,10625,Inside,7,85.0,NridgHt,5,3,8,998,2003,284.0
556,45,6380,Inside,5,58.0,BrkSide,6,2,5,993,1922,113.0
557,20,14850,Inside,5,69.0,NAmes,5,2,6,1092,1957,141.0
558,50,11040,Inside,4,60.0,IDOTRR,6,3,7,637,1920,108.0
559,60,21872,FR2,7,57.0,Gilbert,5,3,6,729,1996,175.0
560,120,3196,Inside,7,,Blmngtn,5,2,7,1374,2003,234.0
561,20,11341,Inside,5,,Sawyer,6,3,5,1392,1957,121.5
562,20,10010,Inside,5,77.0,Mitchel,5,2,6,1389,1974,170.0
563,30,13907,Inside,5,63.0,Edwards,6,3,6,996,1940,108.0
564,50,21780,Inside,6,66.0,Edwards,7,4,8,1163,1918,185.0
565,60,13346,CulDSac,7,,NoRidge,5,4,9,1095,1992,268.0
566,70,6858,Corner,6,66.0,SWISU,4,4,6,806,1915,128.0
567,60,11198,Inside,9,77.0,StoneBr,5,4,11,1122,2005,325.0
568,20,10171,Inside,7,70.0,NridgHt,5,3,7,1517,2004,214.0
569,50,12327,Inside,8,79.0,SawyerW,8,1,5,1496,1983,316.6
570,90,7032,Corner,5,,NAmes,5,2,4,943,1979,135.96
572,20,7332,Inside,6,60.0,NAmes,6,2,4,864,1959,120.0
573,60,13159,Corner,7,83.0,Timber,5,3,6,846,2009,224.5
574,80,9967,Inside,7,76.0,Gilbert,5,3,8,384,2000,170.0
575,80,10500,FR2,5,70.0,NAmes,7,3,5,372,1971,139.0
576,50,8480,Inside,5,80.0,NAmes,5,2,6,832,1947,118.5
577,50,6292,Inside,7,52.0,SWISU,7,3,6,861,1928,145.0
578,80,11777,Inside,5,96.0,Sawyer,6,3,6,1164,1966,164.5
579,160,3604,Corner,7,34.0,Somerst,5,2,5,689,2007,146.0
580,50,12150,Inside,5,81.0,OldTown,5,4,7,1050,1954,131.5
581,20,14585,CulDSac,6,,NAmes,6,3,7,1144,1960,181.9
582,20,12704,Inside,8,98.0,NridgHt,5,3,8,2042,2008,253.293
583,90,11841,Inside,6,81.0,Edwards,5,3,5,816,1990,118.5
585,50,6120,Inside,4,51.0,BrkSide,7,3,6,884,1935,133.0
586,20,11443,Inside,8,88.0,Timber,5,2,7,1868,2005,369.9
587,30,10267,Inside,6,55.0,BrkSide,7,2,5,816,1918,130.0
588,85,8740,Inside,5,74.0,Sawyer,6,2,4,840,1982,137.0
589,20,25095,Inside,5,65.0,ClearCr,8,1,5,1437,1968,143.0
590,40,9100,Inside,5,50.0,BrkSide,6,2,4,742,1930,79.5
591,60,8320,Inside,7,64.0,CollgCr,5,3,6,770,2004,185.9
593,20,6600,Inside,5,60.0,Mitchel,8,2,4,816,1982,138.0
594,120,4435,Inside,6,,CollgCr,5,1,4,848,2003,140.0
595,20,7990,Inside,5,88.0,CollgCr,6,3,5,924,1975,110.0
596,20,11302,Inside,8,69.0,StoneBr,5,3,7,1814,2005,319.0
597,70,3600,Inside,6,60.0,OldTown,7,3,7,684,1910,114.504
598,120,3922,Inside,7,53.0,Blmngtn,5,2,7,1258,2006,194.201
599,20,12984,Inside,5,80.0,Crawfor,6,3,7,1430,1977,217.5
600,160,1950,Inside,6,24.0,Blueste,6,3,6,716,1980,151.0
601,60,10927,Inside,8,74.0,NridgHt,5,3,8,1058,2005,275.0
602,50,9000,Inside,6,50.0,IDOTRR,6,3,6,780,1937,141.0
603,60,10041,Inside,8,80.0,SawyerW,5,3,8,908,1992,220.0
604,160,3182,Inside,7,30.0,Somerst,5,2,4,600,2004,151.0
605,20,12803,Inside,7,88.0,CollgCr,5,3,6,1494,2002,221.0
606,60,13600,Inside,7,85.0,NAmes,6,3,7,768,1965,205.0
607,20,12464,Corner,5,82.0,CollgCr,5,3,6,1040,1996,152.0
608,20,7800,Inside,5,78.0,Edwards,8,3,8,896,1948,225.0
609,70,12168,Inside,8,78.0,Crawfor,6,4,10,965,1934,359.1
610,20,7943,Inside,4,61.0,Sawyer,5,3,5,1029,1961,118.5
611,60,11050,Inside,9,,CollgCr,5,3,8,1440,2000,313.0
612,80,10395,FR2,6,,NWAmes,6,3,6,1032,1978,148.0
613,60,11885,Inside,8,,CollgCr,5,3,7,1299,2001,261.5
614,20,8402,Inside,5,70.0,Mitchel,5,3,6,1120,2007,147.0
615,180,1491,Inside,4,21.0,MeadowV,6,1,3,630,1972,75.5
616,85,8800,Inside,6,80.0,NAmes,7,3,6,936,1963,137.5
617,60,7861,Inside,6,,Gilbert,5,3,7,783,2002,183.2
618,45,7227,Corner,6,59.0,NAmes,6,2,4,832,1954,105.5
619,20,11694,Inside,9,90.0,NridgHt,5,3,9,1822,2007,314.813
620,60,12244,Inside,8,85.0,Timber,5,4,10,1482,2003,305.0
621,30,8248,Inside,3,45.0,Edwards,3,2,5,864,1914,67.0
622,60,10800,Inside,6,90.0,NWAmes,7,4,9,1522,1974,240.0
623,20,7064,Inside,5,71.0,Sawyer,6,3,6,980,1977,135.0
624,160,2117,Inside,6,,Somerst,5,2,4,756,2000,168.5
625,60,10400,Inside,6,80.0,NWAmes,5,4,8,732,1972,165.15
626,20,10000,Corner,6,87.0,NAmes,6,3,5,1116,1962,160.0
627,20,12342,Inside,5,,NAmes,5,3,6,978,1960,139.9
628,80,9600,Inside,6,80.0,NAmes,6,3,7,1156,1955,153.0
629,60,11606,Inside,5,70.0,NAmes,5,5,9,1040,1969,135.0
630,80,9020,Corner,6,82.0,NAmes,5,3,6,1248,1964,168.5
632,120,4590,Inside,8,34.0,NridgHt,5,2,6,1554,2006,209.5
633,20,11900,Inside,7,85.0,NWAmes,5,3,6,1386,1977,82.5
634,20,9250,Corner,5,80.0,NAmes,7,3,6,1056,1954,139.4
637,30,6120,Inside,2,51.0,BrkSide,3,1,4,264,1936,60.0
639,30,8777,Inside,5,67.0,Edwards,7,2,4,796,1910,85.0
640,120,3982,Inside,8,53.0,Blmngtn,5,1,7,1520,2006,264.561
641,120,12677,Inside,8,62.0,NridgHt,5,1,6,1518,2003,274.0
642,60,7050,Inside,7,,Somerst,5,3,7,1057,2001,226.0
643,80,13860,Inside,8,75.0,NAmes,7,4,9,1952,1972,345.0
644,60,10793,Inside,5,80.0,NWAmes,5,4,7,780,1969,152.0
645,20,9187,Inside,9,85.0,Somerst,5,2,7,1766,2009,370.878
646,20,10530,Corner,6,,NAmes,5,3,5,981,1971,143.25
647,20,7200,Inside,5,60.0,NAmes,5,3,7,0,1950,98.3
648,20,10452,Inside,6,85.0,Edwards,5,3,5,1094,1953,155.0
649,60,7700,Inside,6,70.0,NAmes,5,4,7,756,1966,155.0
650,180,1936,Inside,4,21.0,MeadowV,6,1,3,630,1970,84.5
651,60,8125,Inside,7,65.0,Somerst,6,3,7,813,2007,205.95
652,70,9084,Inside,4,60.0,Edwards,5,4,7,755,1940,108.0
653,60,8750,Inside,7,70.0,CollgCr,5,2,7,880,1996,191.0
654,50,10320,Inside,6,60.0,IDOTRR,7,3,7,756,1906,135.0
655,20,10437,Inside,8,91.0,NoRidge,6,2,7,2109,1995,350.0
656,160,1680,Inside,6,21.0,BrDale,5,3,6,525,1971,88.0
657,20,10007,Inside,5,72.0,NAmes,7,3,5,1053,1959,145.5
658,70,7200,Inside,7,60.0,Crawfor,6,3,6,776,1931,149.0
659,50,17503,Inside,6,78.0,NAmes,5,3,6,912,1948,97.5
660,20,9937,Corner,5,75.0,Edwards,7,3,7,1486,1964,167.0
661,60,12384,CulDSac,7,,NWAmes,7,3,7,793,1976,197.9
663,20,13560,Corner,6,120.0,NAmes,3,2,5,1392,1968,110.0
664,85,10012,Inside,4,90.0,Edwards,5,3,6,1138,1972,137.5
666,60,11194,Corner,8,106.0,Gilbert,5,3,7,1406,2000,230.5
667,60,18450,Inside,6,,NAmes,5,3,7,1021,1965,129.0
668,20,8125,Inside,6,65.0,SawyerW,5,3,7,1408,1994,193.5
669,20,14175,Corner,5,,Sawyer,6,3,6,1188,1956,168.0
670,30,11600,Inside,4,80.0,Crawfor,5,2,5,700,1922,137.5
671,60,8633,FR2,6,64.0,CollgCr,5,3,7,738,2005,173.5
672,70,6629,Inside,6,54.0,Edwards,6,3,6,672,1925,103.6
673,20,11250,Inside,6,,Veenker,6,3,6,1208,1977,165.0
674,20,14442,Inside,6,110.0,Crawfor,7,3,7,1477,1957,257.5
675,20,9200,Inside,6,80.0,NAmes,6,3,5,1136,1965,140.0
676,160,2289,Inside,6,24.0,NPkVill,6,3,7,855,1978,148.5
678,30,9022,Inside,5,52.0,OldTown,8,2,5,768,1924,109.5
679,20,11844,Inside,8,80.0,StoneBr,5,3,7,2046,2008,372.5
680,20,9945,Inside,5,,Sawyer,5,3,5,988,1961,128.5
681,120,8012,Inside,6,50.0,SawyerW,5,2,5,923,1980,143.0
682,50,4500,Inside,5,55.0,SWISU,5,3,6,793,1932,159.434
683,120,2887,Inside,6,,ClearCr,5,2,6,1291,1996,173.0
684,20,11248,Corner,9,90.0,CollgCr,5,3,7,1626,2002,285.0
685,60,16770,CulDSac,7,58.0,NoRidge,5,4,7,1195,1998,221.0
686,160,5062,CulDSac,7,,StoneBr,5,3,6,1190,1984,207.5
687,60,10207,Inside,7,84.0,Somerst,6,3,7,874,2007,227.875
688,160,5105,FR2,7,,Somerst,5,2,4,551,2004,148.8
689,20,8089,Inside,8,60.0,StoneBr,6,2,7,1419,2007,392.0
690,120,7577,Corner,6,61.0,NridgHt,5,2,6,1362,2005,194.7
691,120,4426,Inside,6,,CollgCr,5,1,3,848,2004,141.0
693,60,26178,Inside,7,42.0,Timber,5,4,9,1210,1989,335.0
694,30,5400,Corner,5,60.0,OldTown,6,2,4,1073,1921,108.48
695,50,6120,Corner,5,51.0,BrkSide,6,3,5,927,1936,141.5
696,20,13811,Inside,6,54.0,Timber,6,2,5,1112,1987,176.0
697,30,6000,Inside,5,50.0,BrkSide,7,2,4,616,1921,89.0
698,20,6420,Inside,5,57.0,Edwards,7,2,6,980,1952,123.5
699,20,8450,Inside,5,65.0,Sawyer,8,3,5,894,1965,138.5
700,120,4282,Inside,7,59.0,Somerst,5,2,5,1391,2004,196.0
701,20,14331,Inside,8,85.0,Timber,5,3,7,1800,2002,312.5
702,20,9600,Inside,7,80.0,NWAmes,5,3,6,1164,1969,140.0
703,60,12438,Inside,8,82.0,StoneBr,5,4,10,1234,2006,361.919
705,20,8400,Inside,7,70.0,CollgCr,5,3,7,1473,2004,213.0
708,120,6240,Inside,8,48.0,NridgHt,5,2,6,1324,2006,254.0
709,60,9018,Inside,7,65.0,Gilbert,5,3,8,728,2007,179.54
710,20,7162,Inside,5,,Sawyer,7,3,6,876,1966,109.9
711,30,4130,Inside,3,56.0,BrkSide,6,2,5,270,1935,52.0
712,50,8712,Inside,4,66.0,IDOTRR,7,2,7,859,1900,102.776
713,120,4671,Inside,8,40.0,StoneBr,5,2,5,1228,1988,189.0
715,60,13517,CulDSac,6,,Sawyer,8,3,6,725,1976,130.5
716,20,10140,Inside,6,78.0,NWAmes,5,3,7,1064,1974,165.0
717,70,10800,Inside,7,60.0,OldTown,8,3,8,718,1890,159.5
718,20,10000,Inside,5,80.0,NWAmes,6,3,5,1176,1973,157.0
719,60,10542,Inside,7,96.0,NoRidge,5,3,9,1311,1993,341.0
720,20,9920,Inside,5,69.0,CollgCr,6,3,5,971,1969,128.5
721,120,6563,CulDSac,8,,StoneBr,5,2,5,1742,1985,275.0
722,120,4426,Inside,6,,CollgCr,5,1,3,848,2004,143.0
723,20,8120,Inside,4,70.0,NAmes,7,3,5,864,1970,124.5
724,50,8172,Inside,4,60.0,Edwards,6,4,7,941,1954,135.0
725,20,13286,Inside,9,86.0,Edwards,5,3,8,1698,2007,320.0
726,20,6960,Inside,4,60.0,NAmes,6,3,5,864,1970,120.5
728,20,7314,Inside,7,64.0,CollgCr,5,2,6,1232,2007,194.5
729,90,11475,Corner,5,85.0,NAmes,5,4,9,1584,1958,110.0
730,30,6240,Inside,4,52.0,IDOTRR,5,2,5,780,1925,103.0
731,120,5389,Inside,8,39.0,StoneBr,5,2,5,1595,1995,236.5
732,80,9590,Corner,7,73.0,Timber,5,3,6,868,2003,187.5
733,60,11404,Inside,7,75.0,CollgCr,5,3,8,1153,1998,222.5
734,20,10000,Corner,5,80.0,Sawyer,6,3,6,864,1961,131.4
735,20,8978,Corner,5,,Sawyer,5,3,6,948,1968,108.0
736,75,10800,Inside,7,60.0,OldTown,7,2,6,880,1914,163.0
737,90,8544,Inside,3,60.0,NAmes,4,2,6,0,1950,93.5
738,60,10463,CulDSac,8,72.0,Gilbert,5,3,8,893,2005,239.9
739,90,10800,Inside,5,60.0,Edwards,5,3,5,1200,1987,179.0
740,60,9313,Inside,7,65.0,CollgCr,5,3,7,864,2004,190.0
741,70,9600,Inside,5,60.0,OldTown,7,2,7,264,1910,132.0
742,20,6768,Inside,6,65.0,Sawyer,8,3,5,912,1961,142.0
743,20,8450,Inside,7,65.0,SawyerW,5,3,6,1349,2000,179.0
744,80,12886,Inside,5,70.0,Sawyer,6,3,6,520,1963,175.0
745,120,5395,Inside,8,41.0,StoneBr,5,2,5,1337,1993,180.0
747,60,8795,Inside,7,,Gilbert,5,4,8,952,2000,236.0
749,20,10593,Inside,7,59.0,NoRidge,5,3,7,1720,1996,260.4
750,50,8405,Inside,4,50.0,Edwards,3,4,9,0,1945,98.0
751,50,8800,Corner,4,55.0,OldTown,7,3,7,576,1910,96.5
752,60,7750,Inside,7,,Gilbert,5,3,6,660,2003,162.0
753,20,9236,Inside,6,79.0,CollgCr,5,3,6,1479,1997,217.0
754,60,10240,Inside,8,80.0,NridgHt,5,3,8,1030,2005,275.5
755,20,7930,Inside,6,61.0,NAmes,8,3,5,1026,1969,156.0
756,160,3230,Inside,6,34.0,Somerst,5,3,6,729,1999,172.5
757,60,10769,Inside,8,68.0,CollgCr,5,3,7,866,2007,212.0
758,60,11616,CulDSac,6,,Sawyer,5,3,6,672,1978,158.9
759,160,2280,Inside,7,24.0,Somerst,5,3,6,744,1999,179.4
760,60,12257,Inside,8,65.0,NoRidge,5,4,9,1318,1995,290.0
761,20,9100,Inside,6,70.0,NAmes,6,2,5,864,1959,127.5
762,30,6911,FR2,5,60.0,BrkSide,5,2,5,1145,1924,100.0
763,60,8640,Inside,7,72.0,Somerst,5,3,7,756,2009,215.2
764,60,9430,Inside,8,82.0,NoRidge,5,3,8,1252,1999,337.0
765,120,9549,CulDSac,8,30.0,Veenker,5,2,6,1494,1995,270.0
766,20,14587,Inside,9,75.0,Somerst,5,2,6,1498,2008,264.132
767,60,10421,Inside,7,80.0,NWAmes,5,3,7,980,1988,196.5
768,50,12508,Inside,6,75.0,Mitchel,7,4,7,983,1940,160.0
769,20,9100,Inside,7,70.0,CollgCr,5,3,8,1860,2004,216.837
771,85,7252,CulDSac,5,,Sawyer,5,2,5,858,1982,134.9
772,20,8877,Inside,4,67.0,Edwards,5,2,6,836,1951,102.0
773,80,7819,Inside,6,94.0,Edwards,5,3,6,1029,1976,107.0
774,20,10150,Inside,5,70.0,NAmes,5,2,5,912,1958,114.5
775,20,14226,Corner,8,110.0,NridgHt,5,3,9,1935,2006,395.0
776,120,4500,FR2,6,32.0,Mitchel,5,2,5,1204,1998,162.0
777,20,11210,Inside,7,86.0,CollgCr,5,3,7,1614,2005,221.5
778,20,13350,Inside,5,100.0,Sawyer,5,3,5,864,1974,142.5
779,90,8400,Inside,5,60.0,SawyerW,5,4,10,0,1977,144.0
780,90,10530,Inside,6,78.0,Mitchel,5,2,4,975,1977,135.0
781,20,7875,Inside,7,63.0,Gilbert,5,3,6,1237,1995,176.0
782,60,7153,Inside,6,65.0,SawyerW,5,3,7,761,1992,175.9
783,20,16285,Inside,7,67.0,CollgCr,5,3,6,1413,2001,187.1
784,85,9101,Corner,5,,Mitchel,6,1,4,1097,1978,165.5
785,75,6300,Inside,6,35.0,OldTown,6,3,9,742,1914,128.0
786,20,9790,Inside,6,,NWAmes,5,3,7,1372,1967,161.5
787,50,10800,Inside,5,60.0,OldTown,6,4,7,686,1915,139.0
788,60,10142,Inside,7,76.0,SawyerW,5,4,8,956,2004,233.0
789,20,6000,Corner,4,50.0,OldTown,7,2,4,901,1954,107.9
790,60,12205,Inside,6,,ClearCr,8,5,9,832,1966,187.5
791,120,3182,Inside,7,43.0,Blmngtn,5,2,5,1145,2005,160.2
792,80,11333,Corner,6,,Mitchel,5,3,5,1029,1976,146.8
793,60,9920,CulDSac,7,92.0,NoRidge,5,3,8,1117,1996,269.79
794,20,9158,Inside,8,76.0,Somerst,5,3,7,1496,2007,225.0
795,60,10832,Corner,7,,Gilbert,5,3,7,712,1994,194.5
796,60,8400,Inside,6,70.0,SawyerW,6,3,7,650,1980,171.0
797,20,8197,Inside,6,71.0,Sawyer,5,3,7,660,1977,143.5
798,20,7677,Inside,5,57.0,NAmes,5,2,4,773,1953,110.0
800,50,7200,Corner,5,60.0,SWISU,7,3,7,731,1937,175.0
801,60,12798,Inside,6,79.0,ClearCr,5,4,8,616,1997,200.0
802,30,4800,Inside,4,40.0,IDOTRR,7,2,5,1196,1916,109.9
803,60,8199,Inside,7,63.0,CollgCr,5,3,7,728,2005,189.0
805,20,9000,Inside,5,75.0,NAmes,5,2,5,936,1954,118.0
806,20,12274,FR2,7,91.0,Somerst,5,3,6,1417,2008,227.68
807,80,9750,Inside,5,75.0,NAmes,5,3,6,980,1967,135.5
809,80,13400,Inside,5,85.0,NAmes,5,3,6,1024,1966,159.95
810,75,8100,Corner,5,90.0,OldTown,5,2,11,849,1898,106.0
811,20,10140,Inside,6,78.0,NWAmes,6,3,5,1040,1974,181.0
812,120,4438,Inside,6,,CollgCr,5,1,4,848,2004,144.5
813,20,8712,Inside,5,66.0,IDOTRR,5,2,4,540,1952,55.993
814,20,9750,Inside,6,75.0,NAmes,6,4,7,1442,1958,157.9
815,50,8248,Inside,5,45.0,Edwards,7,3,7,686,1918,116.0
816,20,12137,CulDSac,7,48.0,CollgCr,5,3,6,1649,1998,224.9
817,20,11425,Corner,5,,NAmes,6,2,4,1008,1954,137.0
818,20,13265,CulDSac,8,,Mitchel,5,3,7,1568,2002,271.0
819,80,8816,Inside,6,80.0,ClearCr,7,3,6,1010,1971,155.0
820,120,6371,Inside,7,44.0,NridgHt,5,2,6,1358,2009,224.0
821,60,7226,CulDSac,7,72.0,CollgCr,5,3,6,798,2003,183.0
822,20,6000,Inside,4,60.0,OldTown,4,2,4,936,1953,93.0
823,60,12394,Corner,7,,Gilbert,5,3,7,847,2003,225.0
824,50,9900,Inside,6,60.0,SWISU,7,3,7,778,1940,139.5
825,20,11216,Inside,8,81.0,Somerst,5,3,7,1489,2006,232.6
826,20,14803,Inside,10,114.0,NridgHt,5,2,7,2078,2007,385.0
827,45,6130,Inside,5,50.0,BrkSide,6,2,5,784,1924,109.5
828,20,8529,Inside,7,65.0,SawyerW,5,3,6,1454,2001,189.0
829,60,28698,CulDSac,5,,ClearCr,5,3,7,1013,1967,185.0
830,160,2544,Inside,7,24.0,Somerst,5,2,4,600,2005,147.4
831,20,11900,Corner,6,80.0,NAmes,5,3,6,1392,1957,166.0
832,160,3180,Inside,7,30.0,Somerst,5,2,4,600,2005,151.0
833,60,9548,CulDSac,7,44.0,CollgCr,6,3,7,941,2003,237.0
834,20,10004,Inside,6,100.0,NAmes,6,3,6,1516,1964,167.0
835,20,7875,Inside,5,75.0,NAmes,6,3,6,1144,1961,139.95
836,20,9600,Inside,4,60.0,Sawyer,7,2,4,1067,1950,128.0
837,30,8100,Inside,5,90.0,OldTown,6,2,5,1559,1948,153.5
838,160,1680,Inside,6,21.0,BrDale,5,2,5,483,1973,100.0
839,20,9525,Inside,5,75.0,CollgCr,6,3,6,1099,1995,144.0
840,50,11767,Inside,5,70.0,Edwards,6,3,6,768,1946,130.5
841,70,12155,Inside,6,,SWISU,8,4,7,672,1925,140.0
842,70,10440,Inside,5,60.0,OldTown,8,3,8,650,1904,157.5
843,80,9020,Inside,6,82.0,NAmes,7,3,6,1127,1966,174.9
845,50,12665,Inside,5,100.0,OldTown,8,4,7,876,1915,153.9
846,85,16647,CulDSac,5,,Sawyer,5,3,6,1390,1975,171.0
847,60,9317,Inside,7,75.0,SawyerW,5,3,7,740,1993,213.0
848,20,15523,CulDSac,5,36.0,CollgCr,6,3,5,864,1972,133.5
850,80,9600,FR2,6,80.0,Veenker,7,3,7,528,1976,187.0
851,120,4435,Inside,6,36.0,CollgCr,5,1,3,848,2003,131.5
852,120,3196,Inside,8,,Blmngtn,5,2,7,1273,2003,215.0
853,75,7128,Inside,7,53.0,Crawfor,5,4,7,918,1941,164.0
854,80,12095,Corner,6,,NAmes,6,3,7,1127,1964,158.0
855,20,17920,Inside,5,102.0,Sawyer,4,3,6,1763,1955,170.0
856,20,6897,Corner,5,,Sawyer,8,3,6,1040,1962,127.0
857,80,10970,Inside,6,,CollgCr,6,3,5,940,1978,147.0
858,60,8125,Inside,6,65.0,Gilbert,5,3,6,702,1994,174.0
859,20,10400,Inside,7,80.0,NWAmes,5,3,6,1090,1976,152.0
860,60,11029,Corner,6,,NWAmes,7,4,9,1054,1968,250.0
861,50,7642,Corner,7,55.0,Crawfor,8,3,7,912,1918,189.95
863,20,9672,Corner,6,81.0,SawyerW,5,3,6,1040,1984,152.0
864,20,7931,Inside,5,70.0,NAmes,5,3,6,1148,1959,132.5
865,20,8640,Inside,7,72.0,Somerst,5,3,6,1372,2007,250.58
866,20,8750,Inside,5,,NAmes,6,3,5,1002,1970,148.5
867,20,10656,Inside,8,67.0,Timber,5,3,6,1638,2006,248.9
868,20,6970,Corner,4,85.0,Sawyer,5,3,5,1040,1961,129.0
869,60,14762,Corner,5,,Gilbert,6,2,7,0,1948,169.0
870,60,9938,Inside,7,80.0,SawyerW,5,3,8,1050,1993,236.0
871,20,6600,Inside,5,60.0,NAmes,5,2,5,894,1962,109.5
872,60,8750,Inside,6,70.0,CollgCr,5,3,7,804,1998,200.5
873,20,8892,Corner,5,74.0,NAmes,7,3,5,105,1953,116.0
874,40,12144,Inside,5,60.0,NAmes,7,3,6,832,1949,133.0
875,50,5720,Inside,5,52.0,OldTown,6,3,5,676,1941,66.5
876,60,9000,Inside,8,75.0,Somerst,5,4,11,1184,2007,303.477
877,20,25286,Inside,4,94.0,Mitchel,5,3,5,1064,1963,132.25
878,60,8834,Inside,9,74.0,NridgHt,5,4,10,1462,2004,350.0
879,85,11782,Inside,5,88.0,Sawyer,7,3,6,1109,1961,148.0
880,20,7000,CulDSac,5,,CollgCr,8,3,6,864,1978,136.5
881,20,7024,Inside,5,60.0,Edwards,5,2,5,1090,2005,157.0
882,50,13758,CulDSac,7,44.0,Timber,5,3,7,1156,1990,187.5
883,60,9636,Corner,6,,Gilbert,5,3,7,808,1992,178.0
884,75,6204,Inside,4,60.0,SWISU,5,5,10,795,1912,118.5
885,20,7150,Inside,5,65.0,NAmes,5,3,5,892,1967,100.0
886,120,5119,CulDSac,9,50.0,Somerst,5,2,5,1698,1999,328.9
887,90,8393,Corner,5,70.0,NAmes,5,4,8,1626,1959,145.0
888,50,16466,Inside,5,59.0,Edwards,7,3,8,816,1955,135.5
889,20,15865,Inside,8,95.0,NAmes,6,4,8,2217,1970,268.0
890,20,12160,Inside,6,128.0,NAmes,4,2,6,1505,1953,149.5
891,50,8064,Corner,5,60.0,NAmes,7,3,6,672,1949,122.9
892,60,11184,Inside,6,70.0,Sawyer,5,3,7,918,1978,172.5
893,20,8414,Inside,6,70.0,Sawyer,8,3,6,1059,1963,154.5
894,20,13284,Inside,5,,Sawyer,5,3,6,1383,1954,165.0
895,90,7018,Inside,5,64.0,SawyerW,5,4,8,0,1979,118.858
896,60,7056,Inside,6,71.0,NAmes,5,4,8,780,1963,140.0
897,30,8765,Inside,4,50.0,IDOTRR,6,2,6,951,1936,106.5
900,20,6993,Inside,5,65.0,Sawyer,7,3,6,912,1961,135.0
901,20,7340,Inside,4,,NAmes,6,2,4,858,1971,110.0
902,20,8712,Inside,5,64.0,NAmes,7,2,5,992,1957,153.0
903,60,7875,Inside,7,63.0,Gilbert,5,3,8,783,2003,180.0
904,20,14859,CulDSac,7,50.0,Gilbert,5,3,7,1670,2006,240.0
905,20,6173,Inside,5,,Sawyer,6,3,6,876,1967,125.5
906,20,9920,Inside,5,80.0,NAmes,5,3,6,1056,1954,128.0
907,20,13501,Corner,8,116.0,Somerst,5,3,8,1623,2006,255.0
908,50,11500,Inside,7,86.0,Crawfor,7,3,6,1017,1936,250.0
909,20,8885,Inside,5,,Mitchel,5,2,5,864,1983,131.0
912,20,9286,CulDSac,5,,CollgCr,7,3,5,1268,1977,143.5
913,30,6120,Inside,5,51.0,BrkSide,7,3,6,768,1925,88.0
914,90,6270,Inside,5,82.0,Crawfor,6,4,8,1001,1949,145.0
915,160,3000,Inside,6,30.0,Somerst,5,2,4,612,2009,173.733
916,160,2001,Inside,4,21.0,MeadowV,5,3,6,546,1970,75.0
917,20,9000,Inside,2,50.0,IDOTRR,3,1,4,480,1949,35.311
918,20,17140,Inside,4,,Edwards,6,3,6,1134,1956,135.0
919,60,13125,Corner,7,103.0,SawyerW,5,4,8,1104,1991,238.0
920,20,11029,Corner,6,87.0,NAmes,8,3,6,1184,1958,176.5
921,60,8462,Inside,6,70.0,SawyerW,5,3,7,928,1994,201.0
922,90,8777,Inside,5,67.0,Edwards,7,4,9,1272,1900,145.9
923,20,10237,Inside,6,65.0,Gilbert,5,3,6,1316,2005,169.99
924,120,8012,Inside,6,50.0,SawyerW,5,2,5,1604,1993,193.0
925,20,10240,Inside,6,79.0,NWAmes,6,3,7,1686,1980,207.5
926,20,15611,Corner,5,,NWAmes,6,3,6,1126,1977,175.0
927,60,11999,Inside,8,93.0,NridgHt,5,4,10,1181,2003,285.0
928,60,9900,Inside,7,,NWAmes,5,4,9,832,1968,176.0
929,20,11838,Inside,8,,CollgCr,5,3,7,1753,2001,236.5
930,60,13006,Corner,7,,Gilbert,5,4,8,964,1997,222.0
931,20,8925,Inside,8,73.0,Timber,5,3,7,1466,2007,201.0
932,20,9100,Inside,5,70.0,NAmes,6,2,5,925,1965,117.5
933,20,11670,Corner,9,84.0,Somerst,5,3,8,1905,2006,320.0
934,20,8487,FR2,7,63.0,CollgCr,5,3,6,1500,2004,190.0
936,30,5825,Inside,4,52.0,BrkSide,5,1,5,600,1926,79.9
937,20,10083,Inside,7,67.0,SawyerW,5,2,5,1176,2003,184.9
938,60,9675,Inside,7,75.0,Somerst,5,3,8,1113,2005,253.0
939,60,8760,Inside,7,73.0,CollgCr,5,3,7,1391,2006,239.799
940,70,24090,Inside,7,,ClearCr,7,4,10,1032,1940,244.4
941,90,12640,Inside,6,55.0,Mitchel,5,4,8,1728,1976,150.9
942,60,8755,FR2,7,,Gilbert,5,3,8,992,1999,214.0
943,90,7711,Inside,4,42.0,Edwards,3,4,8,1440,1977,150.0
944,90,25000,Inside,5,100.0,Mitchel,4,4,8,1632,1967,143.0
945,20,14375,CulDSac,6,,Timber,6,3,7,819,1958,137.5
946,50,8820,Corner,5,98.0,OldTown,6,2,7,1088,1890,124.9
947,80,8163,Inside,5,70.0,NAmes,6,3,6,1144,1959,143.0
948,20,14536,Inside,8,85.0,Timber,5,3,9,1616,2002,270.0
949,60,14006,Inside,7,65.0,CollgCr,5,3,7,936,2002,192.5
950,20,9360,Inside,6,78.0,NWAmes,7,3,5,1161,1972,197.5
951,20,7200,Inside,5,60.0,NAmes,8,3,5,864,1950,129.0
952,20,7800,Corner,5,60.0,SawyerW,5,3,6,828,1965,119.9
953,85,7200,Inside,5,60.0,CollgCr,8,2,5,768,1972,133.9
954,60,11075,Inside,5,,Mitchel,4,4,7,784,1969,172.0
955,90,9400,CulDSac,6,35.0,Edwards,5,4,4,945,1975,127.5
956,90,7136,Inside,6,82.0,Crawfor,6,4,8,979,1946,145.0
957,160,1300,Inside,6,24.0,Blueste,6,2,5,561,1980,124.0
958,20,7420,Inside,5,70.0,Sawyer,5,3,6,1057,1962,132.0
959,20,8450,Inside,7,65.0,CollgCr,5,3,6,1337,2003,185.0
960,160,2572,FR2,7,24.0,Somerst,5,3,6,696,1999,155.0
961,20,7207,Inside,5,50.0,BrkSide,7,2,4,858,1958,116.5
962,60,12227,Corner,6,,NWAmes,7,4,11,1330,1977,272.0
963,160,2308,Corner,6,24.0,NPkVill,6,3,7,804,1976,155.0
964,20,11923,Corner,9,122.0,CollgCr,5,2,7,1800,2007,239.0
965,60,11316,Corner,7,80.0,Timber,5,4,8,817,2002,214.9
966,60,10237,Inside,6,65.0,Gilbert,5,3,8,783,2005,178.9
967,50,9600,Inside,5,130.0,Crawfor,7,2,7,728,1940,160.0
968,20,7390,Inside,5,,NAmes,7,3,6,1098,1955,135.0
969,50,5925,Inside,3,50.0,OldTown,6,2,6,600,1910,37.9
971,50,10800,Inside,4,60.0,NAmes,4,4,6,720,1949,135.0
972,160,2268,Inside,7,36.0,NridgHt,5,2,6,764,2003,173.0
973,120,7892,Inside,6,55.0,SawyerW,5,2,5,918,1979,99.5
974,20,11639,Corner,7,95.0,Somerst,5,3,6,1428,2007,182.0
975,70,11414,Corner,7,60.0,BrkSide,8,3,8,728,1910,167.5
976,160,2651,FR2,7,,Somerst,5,3,6,673,2000,165.0
977,30,5900,Inside,4,51.0,BrkSide,7,2,4,440,1923,85.5
978,120,4274,Inside,7,35.0,Somerst,5,1,4,1241,2006,199.9
979,20,9450,Inside,4,68.0,Edwards,5,3,5,894,1954,110.0
980,20,8816,Corner,5,80.0,Sawyer,6,3,5,1121,1963,139.0
982,60,12203,Corner,8,98.0,NoRidge,5,4,8,1225,1998,336.0
983,20,3182,Inside,7,43.0,Blmngtn,5,2,6,1266,2007,159.895
984,60,11250,Corner,8,,CollgCr,5,4,9,1128,2002,255.9
985,90,10125,Inside,5,75.0,Mitchel,5,4,8,0,1977,126.0
987,50,5310,Corner,6,59.0,OldTown,8,2,5,485,1910,117.0
988,20,10159,Inside,9,83.0,NridgHt,5,3,8,1930,2009,395.192
989,60,12046,Inside,6,,NWAmes,6,4,8,848,1976,195.0
990,60,8125,Inside,7,65.0,Somerst,5,3,6,770,2006,197.0
991,60,9452,Inside,8,82.0,NoRidge,5,3,7,1396,1997,348.0
993,60,9760,Inside,6,80.0,NAmes,8,3,7,822,1964,187.0
994,60,8846,Inside,6,68.0,CollgCr,5,3,6,750,2005,173.9
995,20,12456,FR2,10,96.0,NridgHt,5,3,7,1700,2006,337.5
996,50,4712,Inside,4,51.0,BrkSide,7,3,5,747,1946,121.6
997,20,10659,Inside,5,,NAmes,6,3,6,1050,1961,136.5
998,20,11717,Inside,6,,NWAmes,6,2,6,1442,1970,185.0
999,30,9786,Inside,3,60.0,IDOTRR,4,3,6,1007,1922,91.0
1000,20,6762,Inside,7,64.0,CollgCr,5,2,6,1187,2006,206.0
1001,20,10206,Corner,3,74.0,Edwards,3,2,4,0,1952,82.0
1002,30,5400,Corner,5,60.0,OldTown,6,2,4,691,1920,86.0
1003,20,11957,Inside,8,75.0,Somerst,5,3,7,1574,2006,232.0
1004,90,11500,Corner,5,,NWAmes,6,4,8,1680,1976,136.905
1005,120,3182,Inside,7,43.0,Blmngtn,5,1,7,1346,2005,181.0
1006,80,8385,Inside,5,65.0,CollgCr,8,3,6,985,1977,149.9
1007,20,12155,Inside,6,,NAmes,3,3,7,1657,1970,163.5
1008,160,2217,Inside,4,21.0,MeadowV,4,3,6,546,1970,88.0
1009,20,12118,CulDSac,7,43.0,Mitchel,5,3,7,1710,2004,240.0
1010,50,6000,Inside,5,60.0,SWISU,5,4,7,1008,1926,102.0
1011,50,21286,Inside,5,115.0,Sawyer,5,4,7,720,1948,135.0
1012,90,9825,Inside,5,75.0,Edwards,5,4,8,0,1965,100.0
1013,70,10592,Inside,6,55.0,Crawfor,7,3,7,602,1923,165.0
1014,30,7200,Inside,5,60.0,OldTown,4,2,4,1022,1910,85.0
1015,20,11664,Inside,6,60.0,NAmes,5,2,5,1082,1948,119.2
1016,60,8400,Inside,8,70.0,NWAmes,6,3,6,810,2001,227.0
1017,20,11883,Inside,7,73.0,CollgCr,5,3,6,1504,1996,203.0
1018,120,5814,CulDSac,8,,StoneBr,5,1,4,1220,1984,187.5
1019,80,10784,FR2,7,,Gilbert,5,3,7,384,1991,160.0
1020,120,3013,Inside,7,43.0,Blmngtn,5,2,6,1362,2005,213.49
1021,20,7024,Inside,4,60.0,Edwards,5,2,5,1132,2005,176.0
1022,20,7406,Inside,7,64.0,CollgCr,5,2,6,1199,2006,194.0
1023,50,9439,Inside,5,52.0,OldTown,5,2,6,912,1930,87.0
1024,120,3182,Inside,7,43.0,Blmngtn,5,2,7,1346,2005,191.0
1025,20,15498,Corner,8,,Timber,6,2,10,1565,1976,287.0
1026,20,7700,Corner,5,70.0,CollgCr,5,3,5,882,1972,112.5
1027,20,9300,Inside,5,73.0,NAmes,5,3,6,1268,1960,167.5
1028,20,9520,Inside,8,71.0,Timber,5,3,7,1638,2007,293.077
1029,50,9492,Inside,5,79.0,NAmes,5,3,6,768,1941,105.0
1030,160,1680,Inside,6,21.0,BrDale,7,3,7,672,1972,118.0
1033,60,14541,Corner,8,,NoRidge,7,5,10,1338,1993,310.0
1034,20,8125,Inside,7,,CollgCr,5,3,6,1654,2002,230.0
1035,30,6305,Inside,5,50.0,Crawfor,7,2,5,920,1938,119.75
1036,20,11500,CulDSac,4,,Edwards,3,3,5,0,1957,84.0
1037,20,12898,Inside,9,89.0,Timber,5,2,6,1620,2007,315.5
1038,60,9240,Inside,8,,CollgCr,5,3,7,1055,2001,287.0
1039,160,1533,Inside,4,21.0,MeadowV,6,3,6,546,1970,97.0
1040,180,1477,Inside,4,21.0,MeadowV,4,1,3,630,1970,80.0
1041,20,13125,Corner,5,88.0,Sawyer,4,3,8,1134,1957,155.0
1042,60,9130,Inside,6,,NWAmes,8,4,7,800,1966,173.0
1043,120,5381,Inside,6,34.0,NridgHt,5,1,5,1306,2005,196.0
1044,60,11839,Inside,7,86.0,SawyerW,5,4,10,1475,1990,262.28
1046,20,13680,CulDSac,3,,Edwards,5,4,8,0,1955,139.6
1048,20,9245,Inside,5,57.0,CollgCr,5,3,5,990,1994,145.0
1049,20,21750,Inside,5,100.0,Mitchel,4,3,9,0,1960,115.0
1050,20,11100,Inside,4,60.0,Edwards,7,2,6,0,1946,84.9
1051,20,8993,Inside,7,73.0,Gilbert,5,3,6,1302,2007,176.485
1052,20,11175,Corner,7,103.0,CollgCr,5,3,6,1316,2007,200.141
1053,60,9500,Corner,6,100.0,NAmes,6,4,9,816,1964,165.0
1054,20,8562,Inside,5,68.0,Edwards,6,4,7,1216,1957,144.5
1055,60,11367,Corner,8,90.0,CollgCr,5,3,7,1065,2002,255.0
1056,20,11361,Inside,6,104.0,NWAmes,5,3,7,1193,1976,180.0
1057,120,7052,Inside,7,43.0,NridgHt,5,2,6,1364,2005,185.85
1058,60,29959,FR2,7,,NoRidge,6,3,7,973,1994,248.0
1059,60,11308,Inside,9,96.0,NridgHt,5,3,10,1104,2008,335.0
1060,50,11275,Corner,6,,Crawfor,7,3,7,854,1932,220.0
1061,120,4920,Inside,8,41.0,StoneBr,5,2,6,1338,2001,213.5
1062,30,18000,Inside,3,120.0,IDOTRR,4,2,6,894,1935,81.0
1064,30,6000,Inside,6,50.0,OldTown,6,2,5,1103,1925,110.5
1065,20,11000,CulDSac,5,,NAmes,6,3,6,1154,1966,154.0
1066,60,14000,Inside,7,80.0,ClearCr,5,3,7,1306,1996,328.0
1067,60,7837,Inside,6,59.0,Gilbert,7,3,7,799,1993,178.0
1068,60,9760,Inside,6,80.0,NAmes,6,4,7,780,1964,167.9
1069,160,3964,Inside,6,42.0,MeadowV,4,5,10,942,1973,151.4
1070,45,9600,Inside,5,60.0,NAmes,7,2,4,845,1949,135.0
1071,20,10152,Inside,5,72.0,NAmes,5,3,6,1048,1956,135.0
1072,60,11700,Inside,6,78.0,NWAmes,6,4,8,727,1968,154.0
1073,50,7585,Inside,5,50.0,Edwards,3,4,7,810,1948,91.5
1074,60,7950,Corner,6,75.0,Edwards,6,3,6,690,1977,159.5
1075,20,8556,Inside,7,74.0,CollgCr,5,2,5,1240,2006,194.0
1076,70,13125,Inside,7,75.0,Crawfor,6,3,6,800,1940,219.5
1077,50,10800,Inside,5,60.0,OldTown,8,3,7,796,1936,170.0
1078,20,15870,Corner,5,,NAmes,5,3,6,1096,1969,138.8
1079,120,4435,Inside,6,37.0,CollgCr,5,1,3,848,2004,155.9
1080,20,8775,Inside,5,65.0,CollgCr,5,3,5,990,1994,126.0
1081,20,11040,Inside,6,80.0,NWAmes,7,3,5,1258,1971,145.0
1082,20,7500,Corner,5,75.0,Sawyer,5,3,5,1040,1963,133.0
1083,20,8749,Inside,7,70.0,CollgCr,5,3,6,1459,2002,192.0
1084,20,8800,Inside,6,80.0,NAmes,6,3,6,1251,1964,160.0
1085,60,13031,Corner,6,,Gilbert,5,3,6,691,1995,187.5
1086,85,9069,Inside,6,73.0,SawyerW,6,2,5,936,1992,147.0
1087,160,1974,Inside,4,,MeadowV,5,3,6,546,1973,83.5
1088,60,10574,Inside,8,85.0,Somerst,5,3,9,1082,2005,252.0
1089,160,2522,Inside,7,24.0,Edwards,5,3,7,970,2004,137.5
1090,120,3316,Inside,8,37.0,Somerst,5,1,4,1247,2005,197.0
1091,90,8544,Corner,3,60.0,NAmes,4,2,6,0,1950,92.9
1092,160,2160,Inside,7,24.0,Somerst,5,2,4,600,1999,160.0
1093,50,8400,Inside,6,60.0,SWISU,5,4,7,1181,1925,136.5
1094,20,9230,Corner,5,71.0,NAmes,8,1,6,864,1965,146.0
1095,20,5868,Inside,5,74.0,NAmes,7,2,4,936,1956,129.0
1096,20,9317,Inside,6,78.0,CollgCr,5,3,6,1314,2006,176.432
1097,70,6882,Inside,6,60.0,IDOTRR,7,3,7,684,1914,127.0
1098,120,3696,Inside,8,,StoneBr,5,2,5,1074,1986,170.0
1099,50,6000,Inside,4,50.0,BrkSide,6,3,6,672,1936,128.0
1100,20,11880,Inside,7,82.0,NWAmes,5,3,7,1271,1978,157.0
1101,30,8400,Inside,2,60.0,SWISU,5,1,3,290,1920,60.0
1102,20,9758,Inside,5,61.0,NAmes,5,3,5,950,1971,119.5
1103,20,7000,Inside,5,70.0,NAmes,7,2,6,1010,1960,135.0
1104,20,8910,Corner,6,79.0,NAmes,6,3,6,655,1959,159.5
1105,160,2016,Inside,5,24.0,BrDale,5,3,6,630,1970,106.0
1106,60,12256,Corner,8,98.0,NoRidge,5,3,9,1463,1994,325.0
1107,20,10357,Corner,7,114.0,SawyerW,5,3,6,910,1990,179.9
1109,60,8063,Inside,6,,Gilbert,5,3,7,924,2000,181.0
1110,20,11362,Inside,8,107.0,NridgHt,5,3,7,1836,2004,280.0
1111,60,8000,Inside,6,,Gilbert,5,3,8,773,1995,188.0
1112,60,10480,Inside,7,80.0,NWAmes,6,4,8,803,1976,205.0
1113,20,7100,Corner,5,73.0,NAmes,7,2,5,816,1957,129.9
1114,20,8923,Inside,5,66.0,NAmes,7,2,6,1008,1953,134.5
1115,20,5400,Inside,5,90.0,OldTown,7,2,4,833,1954,117.0
1116,20,12085,Inside,8,93.0,NridgHt,5,3,7,1734,2007,318.0
1117,80,7750,Inside,8,,Gilbert,5,3,7,408,2002,184.1
1118,20,9764,FR2,5,57.0,Sawyer,7,3,5,894,1967,130.0
1119,80,13825,Inside,5,85.0,Sawyer,6,3,6,533,1958,140.0
1120,20,7560,Inside,5,70.0,NAmes,5,3,6,1040,1959,133.7
1121,30,8263,Inside,6,59.0,IDOTRR,5,2,6,1012,1920,118.4
1122,20,10084,Inside,7,84.0,CollgCr,5,3,7,1552,2005,212.9
1123,20,8926,Corner,4,,Edwards,3,3,5,672,1956,112.0
1125,80,9125,Inside,7,,Gilbert,5,3,7,384,1992,163.9
1126,20,10434,Inside,4,60.0,NAmes,5,2,5,1005,1955,115.0
1127,120,3684,Inside,7,53.0,Blmngtn,5,2,7,1373,2007,174.0
1129,60,11796,Inside,7,59.0,Gilbert,5,4,8,847,2004,215.0
1130,90,7200,Inside,5,60.0,OldTown,5,2,4,936,1980,140.0
1131,50,7804,Inside,4,65.0,SWISU,3,4,7,1122,1928,135.0
1132,20,10712,Inside,5,63.0,Mitchel,5,3,5,974,1991,93.5
1134,60,9828,Inside,8,80.0,SawyerW,5,3,8,1128,1995,239.5
1135,60,8773,Inside,6,57.0,Gilbert,5,3,7,916,1997,169.0
1136,30,6180,Corner,6,60.0,BrkSide,5,2,5,960,1926,102.0
1137,50,9600,Inside,6,80.0,NAmes,5,3,6,1032,1950,119.0
1139,20,9819,Inside,6,,Mitchel,5,2,5,1567,1977,196.0
1140,30,8731,Inside,5,98.0,BrkSide,5,3,6,915,1920,144.0
1141,20,7350,Corner,5,60.0,NAmes,7,2,4,952,1951,139.0
1142,60,10304,CulDSac,5,,NWAmes,7,4,9,780,1976,197.5
1144,20,9000,Inside,5,,Sawyer,3,3,5,1006,1959,80.0
1146,50,6240,Inside,5,52.0,BrkSide,6,3,8,1042,1928,149.0
1147,20,11200,Inside,6,,SawyerW,5,3,5,1298,1985,180.0
1148,70,12000,Inside,7,75.0,Crawfor,7,3,7,704,1941,174.5
1149,50,5700,Inside,7,,OldTown,7,2,5,572,1926,116.9
1151,20,8280,Inside,6,57.0,NAmes,5,2,4,932,1950,124.0
1152,20,17755,Inside,5,134.0,Edwards,4,3,6,1466,1959,149.9
1153,20,14115,Inside,6,90.0,Crawfor,7,2,6,1073,1956,230.0
1154,30,5890,Corner,6,,IDOTRR,8,2,5,816,1930,120.5
1155,60,13700,Inside,7,,NAmes,6,4,8,864,1965,201.8
1156,20,10768,Corner,5,90.0,Veenker,8,3,6,1437,1976,218.0
1157,80,9350,Inside,5,85.0,NAmes,8,3,6,1219,1965,179.9
1158,120,5001,Inside,7,34.0,NridgHt,5,2,6,1314,2007,230.0
1159,20,11932,FR2,8,92.0,Somerst,5,3,7,1580,2007,235.128
1160,60,9120,Inside,6,76.0,NWAmes,6,4,8,901,1974,185.0
1161,160,2280,Inside,6,24.0,NPkVill,5,3,7,855,1978,146.0
1162,20,14778,CulDSac,6,,Crawfor,7,3,7,1296,1954,224.0
1163,20,8724,Inside,5,109.0,Sawyer,5,3,5,894,1968,129.0
1165,80,16157,FR2,5,,Veenker,7,2,5,1360,1978,194.0
1166,20,9541,Inside,7,79.0,NridgHt,5,3,7,1502,2009,233.17
1167,20,10475,Corner,8,64.0,CollgCr,5,3,7,1694,2008,245.35
1168,60,10852,Inside,6,58.0,Gilbert,5,3,7,959,2000,173.0
1169,70,13728,Corner,6,120.0,Edwards,7,4,7,1127,1935,235.0
1171,80,9880,Inside,6,76.0,Mitchel,6,3,6,1096,1977,171.0
1172,20,9120,Inside,6,76.0,NAmes,6,3,6,1261,1958,163.0
1173,160,4017,Inside,7,35.0,Somerst,5,2,5,625,2006,171.9
1175,70,16560,Inside,6,80.0,Crawfor,8,4,9,952,1932,239.0
1176,50,10678,Inside,8,85.0,NoRidge,5,4,9,1683,1992,285.0
1177,20,6951,CulDSac,5,37.0,Mitchel,5,3,5,876,1984,119.5
1178,50,3950,Inside,6,,OldTown,8,3,5,818,1926,115.0
1179,50,7681,FR2,5,54.0,Crawfor,6,3,7,731,1921,154.9
1180,20,8335,Corner,5,77.0,Edwards,5,3,5,0,1954,93.0
1181,60,11170,Corner,7,,Timber,5,4,8,1216,1990,250.0
1182,120,5587,Inside,8,64.0,Crawfor,5,2,5,1600,2008,392.5
1184,30,10800,Inside,5,60.0,OldTown,6,2,5,1120,1920,120.0
1185,20,35133,Inside,5,50.0,Timber,4,3,5,1572,1963,186.7
1186,50,9738,Inside,5,60.0,Edwards,7,4,7,784,1924,104.9
1188,20,12461,Corner,8,89.0,NoRidge,5,2,5,1624,1994,262.0
1189,60,8935,Inside,7,68.0,CollgCr,5,3,7,831,2002,195.0
1190,60,7500,Inside,7,60.0,Gilbert,5,3,7,994,1999,189.0
1192,160,2645,Inside,8,24.0,Somerst,5,2,5,776,1999,174.0
1193,50,9600,Inside,5,60.0,OldTown,8,3,6,702,1925,125.0
1194,120,4500,FR2,6,,Mitchel,5,2,5,1224,1999,165.0
1195,60,9364,Corner,6,80.0,Sawyer,7,4,7,663,1969,158.0
1196,60,8029,Inside,6,51.0,Gilbert,5,3,8,728,2005,176.0
1197,60,14054,Inside,7,58.0,Gilbert,5,4,9,879,2006,219.21
1198,75,8850,Corner,7,65.0,OldTown,6,3,7,815,1916,144.0
1199,20,9100,Inside,7,70.0,CollgCr,5,3,6,1212,2001,178.0
1200,20,11235,Inside,4,75.0,Sawyer,5,3,6,1051,1963,148.0
1201,20,9353,Inside,4,71.0,NAmes,5,3,5,864,1970,116.05
1202,60,10400,Corner,7,80.0,CollgCr,5,3,6,866,1998,197.9
1203,50,6000,Corner,5,50.0,BrkSide,8,3,5,884,1925,117.0
1204,20,9750,Inside,7,75.0,CollgCr,5,3,6,1630,2000,213.0
1205,20,10140,Inside,5,78.0,NWAmes,6,3,6,1056,1975,153.5
1206,20,14684,CulDSac,7,90.0,SawyerW,7,3,7,2158,1990,271.9
1207,20,8900,Inside,4,,SawyerW,4,2,5,1056,1966,107.0
1208,20,9135,Inside,6,70.0,CollgCr,5,3,7,1682,2003,200.0
1209,20,7763,Inside,5,70.0,NAmes,7,3,6,931,1962,140.0
1210,20,10182,CulDSac,8,85.0,Somerst,5,3,8,1660,2006,290.0
1211,60,11218,Inside,6,70.0,SawyerW,5,3,8,1055,1992,189.0
1213,30,9340,Inside,4,50.0,Edwards,6,2,4,672,1941,113.0
1215,85,10205,Inside,5,69.0,NAmes,5,3,6,925,1962,134.5
1216,20,7094,Inside,5,99.0,Sawyer,5,3,5,894,1966,125.0
1217,90,8930,Inside,6,68.0,Sawyer,5,4,8,0,1978,112.0
1218,20,8640,Inside,8,72.0,Somerst,5,3,6,1300,2009,229.456
1219,50,6240,Inside,4,52.0,BrkSide,5,2,3,0,1947,80.5
1220,160,1680,Inside,6,21.0,BrDale,5,3,7,672,1971,91.5
1221,20,7800,Inside,5,66.0,NAmes,5,2,5,912,1964,115.0
1222,20,8250,Inside,5,55.0,Sawyer,5,3,5,952,1968,134.0
1223,50,10496,Inside,6,78.0,NAmes,6,3,7,1040,1949,143.0
1224,20,10680,Inside,5,89.0,NAmes,3,4,7,2136,1951,137.9
1225,60,15384,Inside,7,60.0,Gilbert,5,3,8,788,2004,184.0
1226,80,10482,Inside,6,65.0,NAmes,8,3,6,588,1958,145.0
1227,60,14598,CulDSac,6,86.0,Somerst,5,4,9,894,2007,214.0
1228,20,8872,Corner,5,72.0,NAmes,8,2,5,912,1965,147.0
1229,120,8769,Corner,9,65.0,NridgHt,5,1,7,1702,2008,367.294
1230,80,7910,Inside,5,70.0,NAmes,5,4,7,1075,1960,127.0
1232,90,7728,Inside,5,70.0,NAmes,6,3,6,1106,1962,132.5
1233,90,9842,FR2,4,70.0,NAmes,5,2,6,0,1962,101.8
1234,20,12160,Inside,5,,NAmes,5,3,6,1188,1959,142.0
1235,70,8525,Inside,5,55.0,SWISU,6,4,7,940,1911,130.0
1236,70,13132,Inside,5,96.0,Crawfor,5,4,9,747,1914,138.887
1237,160,2628,Inside,7,36.0,NridgHt,5,2,6,764,2003,175.5
1238,60,12393,FR2,7,41.0,CollgCr,5,4,8,847,2004,195.0
1239,20,13072,Inside,6,63.0,SawyerW,5,3,6,1141,2005,142.5
1240,20,9037,Inside,8,64.0,Timber,5,2,6,1476,2006,265.9
1241,60,8158,Inside,7,65.0,CollgCr,5,3,8,884,2003,224.9
1242,20,9849,Inside,7,83.0,Somerst,6,3,7,1689,2007,248.328
1243,85,10625,Inside,7,85.0,NWAmes,6,3,6,1053,1974,170.0