id,text
1,ور بی تو بامداد کنم روز محشر است
2,ساقی بیار جامی کز زهد توبه کردم
3,مرا هرآینه خاموش بودن اولی‌تر
4,تو ندانی که چرا در تو کسی خیره بماند
5,کاینان به دل ربودن مردم معینند
6,جان باختن آسان است اندر نظرت لیکن
7,گر خاک پای دوست خداوند شوق را
8,بی تو در دامن گلزار نخفتم یک شب
9,پرده بردار که هوش از تن عاقل برود
10,چرا نه در پی عزم دیار خود باشم
11,که زندگانی او در هلاک بودن اوست
12,که نه هر کو ورقی خواند معانی دانست
13,زلف آشفته و خوی کرده و خندان لب و مست
14,نسیم موی تو پیوند جان آگه ماست
15,من همان روز که روی تو بدیدم گفتم
16,اری اسامر لیلای لیله القمر
17,تو وفا گر کنی و گر نکنی
18,سودا مپز که آتش غم در دل تو نیست
19, سخت زیبا می‌روی یک بارگی
20,اگر چه رسم خوبان تندخوییست
21,کز حدیث من و حسن تو خبر می‌نرود
22,ای پسر جام می‌ام ده که به پیری برسی
23,بیا و گر همه دشنام می‌دهی شاید
24,من ترک وصال تو نگویم
25,نفسی بیا و بنشین سخنی بگوی و بشنو
26,سنگسان شو در قدم نی همچو آب
27,سر تا قدم وجود حافظ
28,گفتم ای غافل نبینی کوه با چندین وقار
29,راه ز پیش و دل ز پس واقعه‌ایست مشکلم
30,من تنک پوست نگفتم تو چنین سخت کمانی
31,غرقه حالی دست و پایی می‌زند
32,که هر که با تو به خلوت بود نه تنهاییست
33,من به خیال زاهدی گوشه‌نشین و طرفه آنک
34,سعدیا تسلیم فرمان شو که نیست
35,زانجا که پرده پوشی عفو کریم توست
36,در انتظار رویت ما و امیدواری
37,با محتسبم عیب مگویید که او نیز
38,جام مینایی می سد ره تنگ دلیست
39,زخم شمشیر غمت را ننهم مرهم کس
40,خطاست این که دل دوستان بیازاری
41,لیکن مجال گفت نباشد تو در سخن
42,کآیینه‌ایست جام جهان بین که آه از او
43,خود نبود و گر بود تا به قیامت آزری
44,دانند که در خرمن من بیشتر افتاد
45,جان از تو عزیزتر نباشد
46,هر دل که ز عشق توست خالی
47,گفت آن روز که این گنبد مینا می‌کرد
48,نزدی شاه رخ و فوت شد امکان حافظ
49,به یاد شخص نزارم که غرق خون دل است
50,بده ساقی می باقی که در جنت نخواهی یافت
51,تا به تماشای باغ میل چرا می‌کند
52,گفتم که نوش لعلت ما را به آرزو کشت
53,هر گلی بلبلی غزل خوان داشت
54,رهروی باید جهان سوزی نه خامی بی‌غمی
55, کس این کند که دل از یار خویش بردارد
56,میان این همه خواهندگان به من چه رسد
57,غرض ز مسجد و میخانه‌ام وصال شماست
58,یا شنیدی که در وجود آمد
59,بگذر از نام و ننگ خود حافظ
60,که همه عمر نه مشتاق لقای تو بود
61,گل ز حد برد تنعم نفسی رخ بنما
62,دیدار تو حل مشکلات است
63,به عشوه هم پیامی بر سر بیمار می‌آورد
64,وه که گر من بازبینم روی یار خویش را
65,وز لوح سینه نقشت هرگز نگشت زایل
66,تیری که زدی بر دلم از غمزه خطا رفت
67,عاقلان نقطه پرگار وجودند ولی
68,سرزنشها گر کند خار مغیلان غم مخور
69,اشتر که اختیارش در دست خود نباشد
70,آن جا که کار صومعه را جلوه می‌دهند
71,مجال من همین باشد که پنهان عشق او ورزم
72,گفته بودم که دل به کس ندهم
73,مگر کسی ز توام مژده‌ای فرازآرد
74, دوش از جناب آصف پیک بشارت آمد
75,نماز شام غریبان چو گریه آغازم
76,خار ار چه جان بکاهد گل عذر آن بخواهد
77,دیدم امروز بر زمین قمری
78,بدان هوس که به مستی ببوسم آن لب لعل
79,کآخر نداند بیش از این یا می‌کشد یا می‌برد
80,از لبش بوسی گدایی می‌کند
81,تو دم فقر ندانی زدن از دست مده
82,چو آتشیت نباشد چگونه برجوشی
83,که قیامت رسد این رشته به هم یا نرسد
84,پیرهن چاک و غزل خوان و صراحی در دست
85,تحمل می‌کنم با زخم چون مرهم نمی‌بینم
86,و از رشک چشم نرگس رعنا به خواب کن
87,سعدی به دام عشق تو در پای بند ماند
88,طاووس عرش می‌شنود صیت شهپرم
89,به جان و سر که نگردانم از وصال تو روی
90,گر تو با ما خوش درآیی ما از آن آسوده‌ایم
91,دوستان را قبای فتح دهیم
92,جامم به دست باشد و زلف نگار هم
93, عهد کردیم که بی دوست به صحرا نرویم
94,چنان ببست که ره نیست زیر دیر مغاک
95,جای تصور نماند دیگرم اندر ضمیر
96,گر می به جان دهندت بستان که پیش دانا
97,در این جهان ز برای دل رهی آورد
98,شکایت پیش از این حالت به نزدیکان و غمخواران
99,آیینه‌ای ندارم از آن آه می‌کشم
100,من درخور تو چه تحفه آرم
101,تا پیشترت بوسه دهم دست و کمان را
102,دلق و سجاده ناموس به میخانه فرست
103,شاخکی تازه برآورد صبا بر لب جوی
104,طالب چشمه خورشید درخشان نشود
105,تو می‌باید که باشی ور نه سهل است
106,انصاف شاه باد در این قصه یاورم
107,دوشم آن سنگ دل پریشان داشت
108,کو راهروی اهل دلی پاک سرشتی
109,گوییا باور نمی‌دارند روز داوری
110,ورم ز دست ملامت به جان بگردانی
111, من چون تو به دلبری ندیدم
112,خوش حلقه‌ایست لیک به در نیست راه از او
113,خلوت گزیده را به تماشا چه حاجت است
114,ای سخت کمان سست پیمان
115,جگر چون نافه‌ام خون گشت کم زینم نمی‌باید
116,کلک تو خوش نویسد در شان یار و اغیار
117,ضرورت است که گوید به سرو ماند راست
118,سایه دولت بر این کنج خراب انداختی
119,اگر آن طایر قدسی ز درم بازآید
120,ترک عاشق کش من مست برون رفت امروز
121,بباختم دل دیوانه و ندانستم
122, مژده وصل تو کو کز سر جان برخیزم
123,نهاده‌ایم مگر او به تیغ بردارد
124,ما سر اینک نهاده‌ایم به طوع
125,همی‌برند به عالم چو نافه ختنی
126,هر چه گفتیم در اوصاف کمالیت او
127,کس ندانم که به جان در طلبش پویان نیست
128, دوست می‌دارم من این نالیدن دلسوز را
129,آن که در دامنش آویخته باشد خاری
130,عاجز بماند در تو زبان فصاحتش
131, آمد گه آن که بوی گلزار
132,به دوستی که غلط می‌برد گمان ای دوست
133,نمی‌دانم رطب را چاشنی چیست
134,هرگزم نقش تو از لوح دل و جان نرود
135,مژدگانی بده ای نفس که سختی بگذشت
136,که نه خاطر تماشا نه هوای باغ دارد
137,تو را خود یک زمان با ما سر صحرا نمی‌باشد
138,یا رب هلاک من مکن الا به دست دوست
139,یا به خضاب و سرمه‌ای یا به عبیر و عنبری
140,دیدار خوبان اختیار از دست دانا می‌برد
141,ابروش کمان قتل عاشق
142,مرا گر دوستی با او به دوزخ می‌برد شاید
143,زمانه از ورق گل مثال روی تو بست
144,مرو به خواب که حافظ به بارگاه قبول
145,در میان پختگان عشق او خامم هنوز
146,پیکی ندوانید و سلامی نفرستاد
147,عبیرآمیز می‌آید شمالش
148,همای اوج سعادت به دام ما افتد
149, ای مرهم ریش و مونس جانم
150,به دست جور و جفا گوشمال داده بسی
151,دلم ز نرگس ساقی امان نخواست به جان
152,غم دل با تو نگویم که ندانی دردم
153,عشقت رسد به فریاد ار خود به سان حافظ
154,که التفات بود بر جهان و بر جانش
155,به گدایی ز در میکده زادی طلبیم
156, گر کسی سرو شنیدست که رفتست اینست
157,از شمع بپرسید که در سوز و گداز است
158,سری دارم مهیا بر کف دست
159,به تیغ می‌زد و می‌رفت و باز می‌نگریست
160,و گر در رنج سعدی راحت توست
161,امشب نظر به روی تو از خواب خوشترست
162,هش دار که گر وسوسه عقل کنی گوش
163,نمودی چند بار از خود که حافظ عهد و پیمانم
164,نسبت دوست به هر بی سر و پا نتوان کرد
165,بر در میکده می کن گذری بهتر از این
166,چندی به پای رفتم و چندی به سر شدم
167,چشم مخمور تو دارد ز دلم قصد جگر
168,هزار بار بگفتم که چشم نگشایم
169,گر مرا عشقت به سختی کشت سهل است این قدر
170,حافظ ار در گوشه محراب می‌نالد رواست
171,نشانی زان پری تا در خیال است
172,در وفای عشق تو مشهور خوبانم چو شمع
173, ای روی ماه منظر تو نوبهار حسن
174,تا چند باشیم از بی نصیبان
175,کجا روم که دلم پای بند مهر کسیست
176,که تا قیامت از این آستان بگردانی
177,چرا که وعده تو کردی و او به جا آورد
178,شکر ایزد که ز تاراج خزان رخنه نیافت
179,غزل گفتی و در سفتی بیا و خوش بخوان حافظ
180,زهی خجالت مردم چرا به سر ندویدم
181,سعدی چو گرفتار شدی تن به قضا ده
182,صبا تو نکهت آن زلف مشک بو داری
183,خدا را ای رقیب امشب زمانی دیده بر هم نه
184,وجود مرده از آن آب جانور می‌گشت
185,دیوانه شده دوان به هر سوی
186,کز وی هزار سوز مرا در جگر فتاد
187,روزی چو پادشاهان خواهم که برنشینی
188,وز جانب او عزیزتر نیست
189,گفتی که چون من در زمی دیگر نباشد آدمی
190, حدیث یا شکرست آن که در دهان داری
191,ز توبه خانه تنهایی آمدم بر بام
192,همه کس را نتوان گفت که بینایی هست
193,بنده وارت به سلام آیم و خدمت بکنم
194,دیدار دوستان که ببینند مرهمست
195,نازنین‌تر ز قدت در چمن ناز نرست
196,ما به یک شربت چنین بیخود شدیم
197,غم دنیای دنی چند خوری باده بخور
198,حافظ ار جان طلبد غمزه مستانه یار
199,گر جان طلبی فدای جانت
200,من دست نخواهم برد الا به سر زلفت
201, درخت دوستی بنشان که کام دل به بار آرد
202,رها کن راه بدعهدی و اندر عهد ایشان آی
203,سرو ندیدم بدین صفت متمایل
204,گوش بر ناله مطرب کن و بلبل بگذار
205,باور از بخت ندارم که تو مهمان منی
206,کیمخت خارپشت ز سنجاب خوشترست
207,هم آتشی زده‌ای تا نفیر می‌آید
208,آرزومند کعبه را شرط است
209,مرا تو بر سر آتش نشانده‌ای عجب آنک
210,عجب می‌دارم از هامون که چون دریا نمی‌باشد
211,زشت نتوان گفت زیبا می‌کند
212,خجسته روز کسی کز درش تو بازآیی
213,رویی نتوان گفت که حسنش به چه ماند
214,ز مروارید گوشم در جهان به
215,دگر ز منزل جانان سفر مکن درویش
216,گیرند مردم دوستان نامهربان و مهربان
217,به بوی او دل بیمار عاشقان چو صبا
218,سرمست بتی لطیف ساده
219,در شب هجران مرا پروانه وصلی فرست
220,ببین که تا به چه حدم همی‌کند تحمیق
221,وین برکشیده گنبد نیلی حصار هم
222,حافظ آن ساعت که این نظم پریشان می‌نوشت
223,از آن طرف نپذیرد کمال او نقصان
224,نه آن چنان به تو مشغولم ای بهشتی رو
225,نه یاری سست پیمان است سعدی
226,تو چنان در دل من رفته که جان در بدنی
227,شب بر آنم که مگر روز نخواهد بودن
228,به کسی نگر که ظلمت بزداید از وجودت
229,زاهد از کوچه رندان به سلامت بگذر
230,چو بت به کعبه نگونسار بر زمین افتد
231,به ضرورت جفای او ببریم
232,نظری به لشکری کن که هزار خون بریزی
233,این یک دو دم که مهلت دیدار ممکن است
234,برسانش ز من ای پیک صبا پیغامی
235,روزی به نماز دیگر آورد
236,می‌ای دارم چو جان صافی و صوفی می‌کند عیبش
237,گر دست رسد در سر زلفین تو بازم
238,که گفته است که صد دل به غمزه‌ای ببری
239,ای خضر حلالت نکنم چشمهٔ حیوان
240,به بال و پر مرو از ره که تیر پرتابی
241,ابروی یار در نظر و خرقه سوخته
242,کنون امید بخشایش همی‌دارم که مسکینم
243,آه من باد به گوش تو رساند هرگز
244,درویش را نباشد برگ سرای سلطان
245,ای دل به کوی عشق گذاری نمی‌کنی
246,کاین همه شور در جهان انداخت
247,حافظ نه حد ماست چنین لاف‌ها زدن
248,چون روی تو دلفریب و دلبند
249,که دیر مست شود هر که می خورد به دوام
250,که سحرگه شکفتنم هوس است
251,وان که این مجلس نجوید زندگی بر وی حرام
252,شادی مجلسیان در قدم و مقدم توست
253,که دل به غمزه خوبان مده که سنگ و سبوست
254,دیدار در حجاب و معانی برابر است
255,چرا و چون نرسد بندگان مخلص را
256,ای برادر که حال ما دگر است
257,دلیل روی تو هم روی توست سعدی را
258,می بهشت ننوشم ز دست ساقی رضوان
259,روشنت گردد این حدیث چو روز
260,چو بر در تو من بینوای بی زر و زور
261,به جان دوست که در اعتقاد سعدی نیست
262,در مذهب طریقت خامی نشان کفر است
263,که نام قند مصری برد آنجا
264,غم و اندیشه در آن دایره هرگز نرود
265,دور فلکی یک سره بر منهج عدل است
266,با طینت اصلی چه کند بدگهر افتاد
267, شب عاشقان بی‌دل چه شبی دراز باشد
268,تا ظن برم که روی تو ماه است یا پری
269,مطربا پرده بگردان و بزن راه عراق
270,از گفته کمال دلیلی بیاورم
271,شکر خدا که هر چه طلب کردم از خدا
272, خوشا دلی که مدام از پی نظر نرود
273,ور به میدان می‌روی از تیرباران برمگرد
274,دست گیر این پنج روزم در حیات
275, رفتی و نمی‌شوی فراموش
276,باشد که غلام خویشتن خوانی
277,دیده به سوی دیگری دارم و دل به سوی او
278,گر چه ماه رمضان است بیاور جامی
279,زلف سنبل به نسیم سحری می‌آشفت
280,گر بهاری باز باشد لیس بعد الورد برد
281,موضع ناز است و غرور ای صنم
282,جفای پرده درانم تفاوتی نکند
283,آفتاب از منظر افتد در رواق
284,تو ز ما فارغ و ما از تو پریشان تا چند
285,من این طمع نکنم کز تو کام برگیرم
286,ساقی بده آن کوزهٔ خمخانه به درویش
287,چشم و ابروی تو زیبا قد و بالای تو خوش
288,رنج‌هایی کشیده‌ام که مپرس
289,تو آهو چشم نگذاری مرا از دست تا آن گه
290,کمند سعدی اگر شیر شرزه صید کند
291,زین بیشتر بباید بر هجرت احتمالی
292,این باد بهار بوستان است
293,گوییا بر من از بهشت خدای
294,نبود چنگ و رباب و نبید و عود که بود
295,امسال کار من بتر از پار بنگرید
296,هر پاره از دل من و از غصه قصه‌ای
297,دگر به گوش فراموش عهد سنگین دل
298,نفسی تزول عاقبة الامر فی الهوی
299,برگ نوا تبه شد و ساز طرب نماند
300,بیا ای دوست ور دشمن ببیند
301,مگر به روی دلارای یار ما ور نی
302,دلبر از ما به صد امید ستد اول دل
303,من اگر هزار خدمت بکنم گناهکارم
304,گر همه عمر نداده‌ست کسی دل به خیال
305,تاب وغا نیاورد قوت هیچ صفدری
306,آواز سؤال حیرت آمد
307,آفت دور سمایی می‌کند
308,چه حاجت است بگوید شکر که شیرینم
309,تو را رسد که غلامان ماه رو داری
310,گفتم ز لعل نوش لبان پیر را چه سود
311,نهادم عقل را ره توشه از می
312,فقیر از رقص در حالت خطیب از می خرابستی
313,در غم افزوده‌ام آنچ از دل و جان کاسته‌ام
314,بیچاره در هلاک تن خویشتن عجول
315,محبت بر محبت می‌فزایی
316,نخوت باد دی و شوکت خار آخر شد
317,چندین که برشمردم از ماجرای عشقت
318,دوش دور از رویت ای جان جانم از غم تاب داشت
319,گنج زر گر نبود کنج قناعت باقیست
320,سر مکش تا نکشد سر به فلک فریادم
321,که دوستی و ارادت هزار چندان است
322,قیاس کن که دلم را چه تیر عشق رسید
323,که رستگاری جاوید در کم آزاریست
324,همای زلف شاهین شهپرت را
325,سر گیسوی تو در هیچ سری نیست که نیست
326,خون شد دل من ندیده کامی
327,خواب می‌گیرد و شهری ز غمت بیدارند
328,برقع فروهلد به جمال آفتاب را
329,سخت کمان چه غم خورد گر تو ضعیف جوشنی
330,غبار خط بپوشانید خورشید رخش یا رب
331,کارم چو زلف یار پریشان و درهمست
332,چون دل ببردی دین مبر هوش از من مسکین مبر
333,به ترکستان رویش خال هندو
334,تا به خلوتگه خورشید رسی چرخ زنان
335,بعد از این خرقه صوفی به گرو نستانند
336,ما و دردی کشان مجلس درد
337,جرم بیگانه نباشد که تو خود صورت خویش
338, نوبهار است در آن کوش که خوشدل باشی
339,با همه پادشهی بنده تورانشاهم
340,صاحب نظران لاف محبت نپسندند
341,به سخن باز نمی‌باشد و چشم از نازش
342,با رستم دستان بزند هر که درافتاد
343,گوش کن پند ای پسر وز بهر دنیا غم مخور
344,باک از جفای دشمن و جور رقیب نیست
345,زان گه که عشق دست تطاول دراز کرد
346,زحمت ببرد ز پیش ایوان
347,کس نداند که نهان می‌سوزم
348,جرمش این بود که اسرار هویدا می‌کرد
349,توبه صوفی به زیان آوری
350,خود را لطافتی و جمالی نیافته
351,به زیر دلق ملمع کمندها دارند
352,و آهنگ بازگشت به راه حجاز کرد
353,در حضرت کریم تمنا چه حاجت است
354,که به یک دل دو دوست نتوان داشت
355,وآن شکن برشکن قبائل زلف
356,که حال ما نه چنین بودی ار چنان بودی
357,هر روزش از گریبان سر برنکرد ماهی
358,بینی که چه گرم آتش در سوخته می‌گیرد
359,گر کند انعام او در من مسکین نگاه
360,خلاص بخش خدایا همه اسیران را
361,بسیار دیده‌ایم درختان میوه‌دار
362,پای ما لنگ است و منزل بس دراز
363,نکته‌ها رفت و شکایت کس نکرد
364,گل عزیز است غنیمت شمریدش صحبت
365,که عاشقان ره بی‌همتان به خود ندهند
366,سعدی اگر خون و مال صرف شود در وصال
367,به عاشقان نظری کن به شکر این نعمت
368,ساقیا برخیز و درده جام را
369,همچنان عذرت بباید خواستن تقصیر را
370,رقیبم سرزنش‌ها کرد کز این باب رخ برتاب
371,سعدیا زنده عارفی باشی
372,مردم بیگانه را خاطر نگه دارند خلق
373,گرم ترانه چنگ صبوح نیست چه باک
374,هر عهد که بستم هوسی بود و هوایی
375,گر نه شیرین نمک پراکندی
376, شادی به روزگار گدایان کوی دوست
377,بند پایی که به دست تو بود تاج سر است
378,بیرون نمی‌توان کرد الا به روزگاران
379,چند پوید به هوای تو ز هر سو حافظ
380,صورتی دارد ولی جانیش نیست
381,کارم ز دست رفت و نیامد به دست یار
382,دیگر چو شب نزدیک شد چون زلف در پا می‌برد
383,روان روشن سعدی که شمع مجلس توست
384,باشد که تفرج بکنم دست و کمانت
385,ز بانگ رود و آوای سرودم
386,اهل دل داند که تا زخمی نخورد آهی نکرد
387,شربتی تلختر از زهر فراقت باید
388,زبان کلک تو حافظ چه شکر آن گوید
389,که ره از صومعه تا دیر مغان این همه نیست
390,که در آن کوی چو من کشته بسی افتاده‌ست
391,نباشد بر سر سرو آفتابی
392,گر به شکار آمده‌ست دولت نخجیر او
393,شاهدان گر دلبری زین سان کنند
394,دوش بی روی تو آتش به سرم بر می‌شد
395,تا به هر غمزه‌ای دلی ببری
396,خار بردارم اگر دست به خرما نرسد
397,ور دوست دست می‌دهدت هیچ گو مباش
398,سخن سعدی بشنو که تو خود زیبایی
399,وقت آن آمد که خوش باشد کنار سبزه جوی
400,که آفت‌هاست در تاخیر و طالب را زیان دارد
401,گر دیگران به منظر زیبا نظر کنند
402,روی و ریای خلق به یک سو نهاده‌ایم
403,نچمی که شاخ طوبی به ستیزه برنریزد
404,که مهرش در میان جان و مهرش بر دهان باشد
405,نقش غلط مبین که همان لوح ساده‌ایم
406, وقت‌ها یک دم برآسودی تنم
407,عهد ما با لب شیرین دهنان بست خدا
408,که خوش است عیش مردم به روایح عبیرم
409,ما خوشه چین خرمن اصحاب دولتیم
410, صبح است ساقیا قدحی پرشراب کن
411,مرا رسد که برآرم هزار ناله چو بلبل
412,اگر نه باده غم دل ز یاد ما ببرد
413,گو غنیمت شمار صحبت ما
414,قبای اطلس آن کس که از هنر عاریست
415,مگسی کجا تواند که بیفکند عقابی
416,رندی و هوسناکی در عهد شباب اولی
417,بیا بیا که غلام توام بیا ای دوست
418,زمین به اختر میمون و طالع مسعود
419,کمال سر محبت ببین نه نقص گناه
420,کاین پای لایقست که بر چشم ما رود
421,که بر وی این همه باران شوق می‌بارم
422,فردا که شوم خاک چه سود اشک ندامت
423,ای گوی حسن برده ز خوبان روزگار
424,آن که بی جرم برنجید و به تیغم زد و رفت
425,چون به خلوت می‌روند آن کار دیگر می‌کنند
426,زین معما هیچ دانا در جهان آگاه نیست
427,سعدی از سرزنش خلق نترسد هیهات
428,بازآید و برهاندم از بند ملامت
429,بیار ای لعبت ساقی بگو ای کودک مطرب
430,هر چه زان تلخ‌تر بخواهی گفت
431,نخفته‌ام ز خیالی که می‌پزد دل من
432,خرقه زهد مرا آب خرابات ببرد
433,ندای عشق تو دیشب در اندرون دادند
434,آن عشوه داد عشق که مفتی ز ره برفت
435,ماجرای عشق از اول تا به پایان گفته‌اند
436,گر قلب دلم را ننهد دوست عیاری
437,ما با توایم و با تو نه‌ایم اینت بلعجب
438,لعلست یا لبانت قندست یا دهانت
439,پای سرو بوستانی در گل است
440,نور ز خورشید جوی بو که برآید
441,لطیف جوهر و جانی غریب قامت و شکلی
442,ستاره‌ای بدرخشید و ماه مجلس شد
443,جلوه بخت تو دل می‌برد از شاه و گدا
444,چو عقرب دشمنان داری و من با تو چو میزانم
445, قتل این خسته به شمشیر تو تقدیر نبود
446,بهشتی صورتی در جوف محمل
447,کس رد نتواند کرد آن را که تو بگزینی
448,فتاد و چون من سودازده به سر می‌گشت
449,دل خود دریغ نیست که از دست من برفت
450,پروانه راحت بده ای شمع که امشب
451,جز عهد و وفای تو که محلول نگردد
452,دیده نگه داشتیم تا نرود دل
453,سر درس عشق دارد دل دردمند حافظ
454,برو ای سپر ز پیشم که به جان رسید پیکان
455,یک بارگی جدا ز کلاه و کمر فتاد
456,اگر تسبیح می‌فرمود اگر زنار می‌آورد
457,مغبچه‌ای می‌گذشت راهزن دین و دل
458,مگر کسی که بود در طبیعتش مجبول
459, به خاک پای عزیزت که عهد نشکستم
460,به سمع مردم هشیار در نمی‌گنجد
461,جوهری عقل در بازار حسن
462,سرابستان در این موسم چه بندی
463,بگذار مشک و بوی سر زلف او بیار
464,به تیغ مرگ شود دست من رها ای دوست
465,محراب و کمانچه ز دو ابروی تو سازم
466,گر سر برود در سر سودای ایازم
467, بیا که رایت منصور پادشاه رسید
468,انتبه قبل السحر یا ذالمنام
469,خور ز حکم تو سر نمی‌تابد
470,به صدر مصطبه بنشین و ساغر می‌نوش
471,در راه جام و ساقی مه رو نهاده‌ایم
472,خصم را پای گریز از سر میدان تو نیست
473,چو مستان جامه را بدرید بر تن
474,چون خاک شوم باد به گوشت برساند
475,ما تماشاکنان کوته دست
476,چنانم در دلی حاضر که جان در جسم و خون در رگ
477,ذکر سودای زلیخا پیش یوسف کرده‌اند
478,داعی دولت به هر مقام که هستیم
479,قدر تو نداند آن کز زجر تو بگریزد
480,ز کار و بار جهان گر شهیست عار آید
481,به شکرخنده لبت گفت مزادی طلبیم
482,دل بر نمک لبت کبابی
483,نیک نکردی که نکردی وفا
484,صبا گر چاره داری وقت وقت است
485,که ناز بر فلک و حکم بر ستاره کنم
486,محرم راز دل شیدای خود
487,نخل تناور کند ز دانه خرما
488,چون دوست گرفتی چه غم از دشمن خونخوار؟
489,رضا به حکم قضا اختیار کن سعدی
490,آن که هرگز بر آستانه عشق
491,صد پیرهن قبا کنم از خرمی اگر
492,گفتم نهایتی بود این درد عشق را
493,نیاید هیچ در چشمش به جز خاک سر کویت
494,که گرد بیهده کم گرد و بیشتر می‌گشت
495,هیچ است آن دهان و نبینم از او نشان
496,نماز شام به بام ار کسی نگاه کند
497,بی ماه مهرافروز خود تا بگذرانم روز خود
498,مکن که دست برآرم به ربنا ای دوست
499,در ازل داده‌ست ما را ساقی لعل لبت
500,مردم از قاتل عمدا بگریزند به جان
501,اگر چه موی میانت به چون منی نرسد
502,تشنه لب کردی و گردان را در آب انداختی
503,که روی چون قمرت شمسه‌ایست پرگاری
504,فالی به چشم و گوش در این باب می‌زدم
505,چون نیک بدیدم به حقیقت به از آنی
506,خال سرسبز تو خوش دانه عیشیست ولی
507,سعدی اگر زخم خوری غم مخور
508,بهشت روی من آن لعبت پری رخسار
509,قدمی که برگرفتی به وفا و عهد یاران
510,که کند حافظ از او دیده دل نورانی
511,چه خون که در دلم افتاد همچو جام و نشد
512,صاد قلبی ما تمشی زاد وجدی ما عبر
513,پندارم آن که با تو ندارد تعلقی
514,که من دلشده این ره نه به خود می‌پویم
515,اگر تو بر دل آشفتگان ببخشایی
516,آن چنان وهم در تو حیران است
517,که زهر از کف دست او نوش بود
518,اگر عداوت و جنگ است در میان عرب
519,نزدیک من آن است که هر جرم و خطایی
520,چند شاید به صبر پنهان داشت
521,چنین که از همه سو دام راه می‌بینم
522,تو را که هر خم مویی کمند داناییست
523,این چنین با همه درساخته‌ای یعنی چه
524,سوگند به جانت ار فروشم
525,وین بوالعجبی و چشم بندی
526,ای بادیه هجران تا عشق حرم باشد
527,باشد کز آن میانه یکی کارگر شود
528,آفتابیست که در پیش سحابی دارد
529,در روی زمین دگر نباشد
530,ندیده‌ام مگر این شیوه از پری آموخت
531,کس ندانم که در این شهر گرفتار تو نیست
532,شدم به رغبت خویشش کمین غلام و نشد
533, بی‌دل گمان مبر که نصیحت کند قبول
534,صورت خوب آفرید و سیرت زیبا
535,طوعا و کرها بنده‌ام ناچار فرمان می‌برم
536,من سالخورده پیر خرابات پرورم
537,که می‌برد به افق پرچم سپاه ظلام
538,که بر مجنون رود لیلی طویلست
539,یا جام باده یا قصه کوتاه
540,آدم صفت از روضه رضوان به درآیی
541,هیهات از این خیال محالت که در سر است
542,وصال توست اگر دل را مرادی هست و مطلوبی
543,سر ما و در میخانه که طرف بامش
544,افسر سلطان گل پیدا شد از طرف چمن
545,که پیش چشم بیمارت بمیرم
546, در سرای مغان رفته بود و آب زده
547,کارفرمای قدر می‌کند این من چه کنم
548,کاول نظر به دیدن او دیده ور شدم
549,هر جامه که عیار بپوشد کفن است آن
550,گوش کشیده است از آن گوش به من نمی‌کند
551,ناگهش سیل فنا نقش امل باطل کرد
552,شاهدش دیدار و گفتن فتنه اش ابرو و چشم
553,مصدق دارمت والله اعلم
554,نشاید کرد و آتش زیر سرپوش
555,بی‌حاصلست یارا اوقات زندگانی
556,به هر طریق که باشد اسیر دشمن را
557,خود نه زبان در دهان عارف مدهوش
558,هر که این روی ببیند بدهد پشت گریز
559,که نه قوت گریزست و نه طاقت گزندت
560,هر چند پیر و خسته دل و ناتوان شدم
561,ز ما گر طاعت آید شرمساریم
562,دوشم نوید داد عنایت که حافظا
563,شیرین لبان نه شیر که شکر مزیده‌اند
564,ماه و خورشید به منزل چو به امر تو رسند
565,آوازه درست است که من توبه شکستم
566,ای سخت کمان سست پیمان
567,باغبانان به شب از زحمت بلبل چونند
568,زین در دگر نراند ما را به هیچ بابی
569,گرم قرار نباشد که داغ هجران است
570,چون آدمی طمع نکند در سماحتش
571,قلب رقیق چند بپوشد حدیث عشق
572,سعدی به خفیه خون جگر خورد بارها
573,یک دمه دیدار دوست هر دو جهانش بهاست
574,باور از مات نباشد تو در آیینه نگه کن
575,آیینه‌ای طلب کن تا روی خود ببینی
576,بو که از لوح دلت نقش جهالت برود
577,که مستخلص نمی‌گردد بهاری بی زمستانی
578,پادشاهی کنم ار سایه به من برفکنی
579,پدرم نیز بهشت ابد از دست بهشت
580,چشمی و هزار دانه لولو
581, ز دلبرم که رساند نوازش قلمی
582,که پشه‌ای نبرد سنگ آسیایی را
583,پری رویا چرا پنهان شوی از مردم چشمم
584,ز اثر رنگ و بوی صحبت اوست
585,که علم عشق در دفتر نباشد
586,که سراپای بسوزند من بی سر و پا را
587,دیوار سرایت را نقاش نمی‌باید
588,غلام نرگس مست تو تاجدارانند
589,ساقی به مژدگانی عیش از درم درآی
590,لقد اطعت ولکن حبه آبی
591,مگر به درد دلی بازمانده‌ام یا رب
592,ای که با زلف و رخ یار گذاری شب و روز
593,داور دین شاه شجاع آن که کرد
594,مست است یار و یاد حریفان نمی‌کند
595,تو قلم نیستی که نیشکری
596,در عالم وصفش به جهانی برسیدم
597,باز با دلشدگان ناز و عتابی دارد
598,زهی سوار که صد دل به غمزه‌ای ببری
599,به شرط آن که ز مجلس سخن به در نرود
600,ور با تو بود دوزخ در سلسله آویزم
601,زهر اگر در مذاق من ریزی
602,با صبا همراه بفرست از رخت گلدسته‌ای
603,تن آسوده چه داند که دل خسته چه باشد
604,در آن شمایل مطبوع هیچ نتوان گفت
605,سوز عشقت ننشاند ز جگر جوش مرا
606,تا مگر زنده شوم زآن نفس روحانی
607,وین نباشد مگر آن وقت که رای تو بود
608,ندیده‌اند مگر دلبران بت رو را
609,ساقی به دست باش که غم در کمین ماست
610,وعده از حد بشد و ما نه دو دیدیم و نه یک
611,به زلف گوی که آیین دلبری بگذار
612,میان عیب و هنر پیش دوستان کریم
613, دیر آمدی‌ای نگار سرمست
614,که حکم آسمان این است اگر سازی و گر سوزی
615,تو دوستی کن و از دیده مفکنم زنهار
616,باز بر قامت زیبای تو چالاکترست
617,نام حافظ گر برآید بر زبان کلک دوست
618,ای بسا رخ که به خونابه منقش باشد
619,دوله القی بمن القی بروحی فی الخطر
620,زنهار سعدی از دل سنگین کافرش
621,دانی که چیست دولت دیدار یار دیدن
622,دانند عاقلان که مجانین عشق را
623,تا در این خرقه ندانی که چه نادرویشم
624,گر چه لایق نبود دست من و دامن تو
625,تا دم صبح قیامت نگران خواهد بود
626,مشکل به دست آرد کسی مانند تو شهباز را
627,تو خود ای گوهر یک دانه کجایی آخر
628,که نه این نوبت نخستینست
629,غبار راه طلب کیمیای بهروزیست
630,باری غرور از سر بنه و انصاف درد من بده
631,چو مور افتان و خیزان رفت باید
632,هر گه که گویم این دل ریشم درست شد
633,بار یاران بکش که دامن گل
634,صوفی نظر نبازد جز با چنین حریفی
635,سواد نامه موی سیاه چون طی شد
636,که بر گلبن گل سوری چنین زیبا نمی‌باشد
637,چاره ما هیچ نیست جز سپر انداختن
638, آخر ای سنگ دل سیم زنخدان تا چند
639,کاندر ازلم حرز تو بستند به بازوی
640,تکیه بر عهد تو و باد صبا نتوان کرد
641,که نه با تیر و کمان در پی او تاخته‌ای
642,مرا خیال کسی کز خیال بیرونست
643,چندان که تو می‌خوری ندیدم
644,مگر شمایل قد نگار من دارد
645,در همه شهر فراهم ننشست انجمنی
646,سعدیا بی وجود صحبت یار
647,مطربا مجلس انس است غزل خوان و سرود
648,اگر چه در پی ام افتند هر دم انجمنی
649,بو که صاحب نظری نام تماشا ببرد
650,وان ستمگر عزم هجران می‌کند
651,واجب کند که صبر کنی بر جراحتش
652,که ساقیان کمان ابرویت زنند به تیر
653,برای وصل گل آمد برون ز بیت حزن
654,سرمست درآمد از خرابات
655,که موسم طرب و عیش و ناز و نوش آمد
656,که با شکردهنان خوش بود سؤال و جواب
657,علی‌الخصوص که از دست یار زیباخوست
658,تو هم بازآمدی ناچار و ناکام
659,دمی با دوست در خلوت به از صد سال در عشرت
660,من جرب المجرب حلت به الندامه
661,خنک آن روز که در پای تو جان اندازم
662,هر چه کوته نظرانند بر ایشان پیمای
663, واعظان کاین جلوه در محراب و منبر می‌کنند
664,لیکن این حال محال است که پنهان ماند
665,بلا بگردد و کام هزارساله برآید
666,ای که ملامت کنی عارف دیوانه را
667,چو به منتها رسد گل برود قرار بلبل
668,سیمرغ ما چه لایق زاغ آشیان توست
669,مردم زیر زمین رفتن او پندارند
670,ای دل به هرزه دانش و عمرت به باد رفت
671,عمر من است زلف تو بو که دراز بینمش
672,ز من حکایت هجران مپرس در شب وصل
673,و از انتصاف آصف جم اقتدار هم
674,هم با تو گر ز دست تو دارم شکایتی
675,که بی رخ تو فروغ از چراغ دیده ندیدم
676, دلا بسوز که سوز تو کارها بکند
677,چون بخت نیک انجام را با ما به کلی صلح شد
678,بدان شمع خلوتگه پارسایی
679,در خرقه چو آتش زدی ای عارف سالک
680,نقش خیالی می‌کشم فال دوامی می‌زنم
681,ای که با سلسله زلف دراز آمده‌ای
682,ای خیال ار شبی از رهگذرم برخیزی
683,عشق و سودا و هوس در سر بماند
684,همیشه تا که بود متصل مسا و صباح
685,بیا بیا صنما کز سر پریشانی
686,تو به حال من مسکین به جفا می‌نگری
687,عمر به نقد می‌رود در سر گفت و گوی او
688,همی‌گفت این معما با قرینی
689,ساکن شود بدیدم و مشتاق‌تر شدم
690,ساقیان لاابالی در طواف
691,می دوساله و محبوب چارده ساله
692,می‌گشتم اندر آن چمن و باغ دم به دم
693,قصّةُ العشقِ لا انفصام لها
694,در عهد موسی می‌کند آواز گاو سامری
695,به دوستی که اگر زهر باشد از دستت
696,سیر نمی‌شود نظر بس که لطیف منظری
697, معلمت همه شوخی و دلبری آموخت
698,به دو چشم تو که گر بی تو برندم به بهشت
699,مدعیم گر نکنم جان نثار
700,تا با درخت گل بنشینم به بوی دوست
701,ور ببندی سر به در بر می‌زند
702,با طبیب نامحرم حال درد پنهانی
703,گر شما را نه بس این سود و زیان ما را بس
704,خاطرت کی رقم فیض پذیرد هیهات
705,کانجا که ارادت بود انکار نباشد
706, چه جرم رفت که با ما سخن نمی‌گویی
707,چه کنم پای بند احسانم
708,نظر به صفحه اول مکن که تو بر توست
709,زان جان و دلم همی فکار است
710,معاف دوست بدارند قتل عمدا را
711,باز کردند بامداد دری
712,تا وقت جان سپردنم اندر نظر بود
713,دلبری برگزیده‌ام که مپرس
714,ز من چو باد صبا بوی خود دریغ مدار
715,من با همه جوری از تو خشنودم
716,بر سر خوان لبت دست چو من درویشی
717,صفت یوسف نادیده بیان می‌کردند
718,مذاق حرص و آز ای دل بشو از تلخ و از شورش
719,به بام قصر برآ و چراغ مه برکن
720,خوشا کسی که در این راه بی‌حجاب رود
721, پای سرو بوستانی در گلست
722,تا در آن آب و هوا نشو و نمایی بکنیم
723,بزه کردی و نکردند مؤذنان ثوابی
724,اگر چه روی چو ماهت ندیده‌ام به تمامی
725,ایمنی از خروش من گر به جهان دراوفتد
726,به هیچ عارضه شخص تو دردمند مباد
727,چون نیفتد سخن در افواهم
728,شکنج گیسوی سنبل ببین به روی سمن
729,چرا که شیوه آن ترک دل سیه دانست
730,خفته بر سنجاب شاهی نازنینی را چه غم
731,دم عیسیست پنداری نسیم باد نوروزی
732,صلاح ما همه دام ره است و من زین بحث
733,شیرین بضاعت بر مگس چندان که تندی می‌کند
734,که نه تنها منم ربوده عشق
735,مگر آنست که با دوست به پایان آرند
736,سرو بین کاهنگ صحرا می‌کند
737,ز عقل اندیشه‌ها زاید که مردم را بفرساید
738,حاصل آن است که چون طبل تهی پربادم
739,کیست آن کش سر پیوند تو در خاطر نیست
740,خفتگان را خبر از محنت بیداران نیست
741,زمام خاطر بی‌اختیار من دارد
742,زاهدان معذور داریدم که اینم مذهب است
743,نتوانم که حکایت کنم الا به حضور
744,حدیث عقل در ایام پادشاهی عشق
745,روی تو بازار آفتاب شکسته‌ست
746,چو زر عزیز وجود است نظم من آری
747,این بار پرده از سر اسرار برگرفت
748,به اختیارت اگر صد هزار تیر جفاست
749,دست از طلب ندارم تا کام من برآید
750,به بوی زلف و رخت می‌روند و می‌آیند
751,دلارامی بدین خوبی دریغ ار مهربانستی
752,تا ندیدی گدای بازارش
753,دیده فتح ابد عاشق جولان تو باد
754,شاهد ما را نه هر چشمی چنان بیند که هست
755,مرا تا نقره باشد می‌فشانم
756,حافظ اندیشه کن از نازکی خاطر یار
757,شراب سلسبیل از چشمه نوش
758,صید بیابان عشق چون بخورد تیر او
759,کاش باری باغ و بستان را که تحسین می‌کنند
760,در بند تو افتادم و از جمله برستم
761,به که دیدن میان اغیارش
762,وین عجب کان وقت می‌گریم که کس بیدار نیست
763,من که باشم در آن حرم که صبا
764,چون رفت نیاید به کمند آن دم و ساعت
765,زان سوی بحر آتش اگر خوانیم به لطف
766,من گرفتار کمندم تو چه دانی که سواری
767,چون بر او باد صبایی می‌زند
768,چرا که حافظ از این راه رفت و مفلس شد
769,صورت سنگین دلی کشنده سعدیست
770,صوفی مجلس که دی جام و قدح می‌شکست
771,آنست آدمی که در او حسن سیرتی
772,هر چه خواهی کن که ما را با تو روی جنگ نیست
773,گویی چه شد کان سروبن با ما نمی‌گوید سخن
774,تا غباری ننشیند به دل خرم دوست
775,پرده بردار ای بهار و لاله و نسرین من
776,که باری من ندیدستم چنین گل در گلستانی
777,می‌نگفتم سخن در آتش عشق
778,از آن خوش است که امید رحمت فرداست
779,دیوان حساب و عرض منشور
780,آدمی در عالم خاکی نمی‌آید به دست
781,فریاد سعدی از دل نامهربان دوست
782,گرت معاونتی دست می‌دهد دریاب
783,گر باز کنند از شکن زلف تو تابی
784,گوشوار زر و لعل ار چه گران دارد گوش
785,تو بدین چشم مست و پیشانی
786, دولت جان پرورست صحبت آموزگار
787,که هیچ خلق نبینی به حسن و منظر خویش
788,درخت دوستی بنشان که کام دل به بار آرد
789,گفتم از آسیب عشق روی به عالم نهم
790,طرفه مدار اگر ز دل نعره بیخودی زنم
791, دریچه‌ای ز بهشتش به روی بگشایی
792,کار ما همچو سحر با نفسی افتاده‌ست
793,زین گلبنان هنوز مگر گل نچیده‌اند
794,هر ساعتی این فتنه نوخاسته از جای
795,فتنه انگیزی و خون ریزی و خلقی نگرانت
796,چراغ چون تو نباشد به هیچ خانه ولیکن
797,خیز و در کاسه زر آب طربناک انداز
798,زاهد بنگر نشسته دلتنگ
799,بتا چون غمزه‌ات ناوک فشاند
800,ای همه شکل تو مطبوع و همه جای تو خوش
801,امثال تو از صحبت ما ننگ ندارند
802,حق را به روزگار تو با ما عنایتی
803,حکمش رسد ولیکن حدی بود جفا را
804,بی دلی در همه احوال خدا با او بود
805,گونهٔ زردش دلیل ناله زارش گواست
806,نتواند که کند دعوی همبالایی
807, شکست عهد مودت نگار دلبندم
808,گلبن عیش می‌دمد ساقی گلعذار کو
809,نوبهار است در آن کوش که خوشدل باشی
810,من از تو روی نپیچم که شرط عشق آن است
811,من همی‌کردم دعا و صبح صادق می‌دمید
812,ز بانگ ناله من گوش چرخ کر می‌گشت
813,بریده‌اند لطافت چو جامه بر بدنش
814,فلا تفرد عن روضها انین حمامی
815,سیاه نامه‌تر از خود کسی نمی‌بینم
816,دریا در و مرجان بود و هول و مخافت
817, کس درنیامدست بدین خوبی از دری
818,میان عاشق و معشوق هیچ حائل نیست
819,آن که فکرش گره از کار جهان بگشاید
820,درخت ارغوان روید به جای هر مغیلانی
821,ای خواجه درد نیست وگرنه طبیب هست
822,محتسب گو تا ببیند روی دوست
823,ور شکایت کنم از دست تو پیش که برم
824,هرک اوفتاد مست محبت ز جام دوست
825,خطا نگر که دل امید در وفای تو بست
826,ورت خجالت سرو آرزو کند بخرام
827,آن سیل که دوش تا کمر بود
828,شاید که چو وابینی خیر تو در این باشد
829,چه دشمنی تو که از عشق دست و شمشیرت
830,به خواب دوش چنان دیدمی که زلفینش
831,که رفت عمر و هنوزم دماغ پر ز هواست
832,دور از لب مردمان دون باد
833,یکی درخت گل اندر فضای خلوت ماست
834,به صفای دل رندان صبوحی زدگان
835,چو برشکست صبا زلف عنبرافشانش
836,فتاد در سر حافظ هوای میخانه
837,الا ای ترک آتشروی ساقی
838,دانم که بگذرد ز سر جرم من که او
839,چو تلخ عیشی من بشنوی به خنده درآی
840,یک امشبی که در آغوش شاهد شکرم
841,دلا دلالت خیرت کنم به راه نجات
842,دمی با همدمی خرم ز جانم بر نمی‌آید
843,به ترک عشق تو گفتن نه طبع موزونست
844,چنگ بنواز و بساز ار نبود عود چه باک
845, ای آفتاب آینه دار جمال تو
846,حیرت عشاق را عیب کند بی بصر
847,بروید چون تو سروی بر لب جوی
848,کشتی عمرم شکسته‌ست از غمش
849,بسا هوشمندا که در کوی عشق
850,که هر که بی‌هنر افتد نظر به عیب کند
851,که زیارتگه رندان جهان خواهد بود
852,ز آهنین چنگال شاهین غمت
853,پیش خصم ایستاده چون سپری
854,دامن دوست به دنیا نتوان داد از دست
855,دستی به کام دل ز سپهر دغا که برد
856,مگر در آینه بینی و گر نه در آفاق
857,سعدیا گفتار شیرین پیش آن کام و دهان
858,پاکبازان بر شمشیر تو عمدا آیند
859,گر بکشم زهی طرب ور بکشد زهی شرف
860,ز ورد نیم شب و درس صبحگاه رسید
861,جفای عشق تو بر عقل من همان مثل است
862,کاشکی خاک بودمی در راه
863,به تیغ هندی دشمن قتال می‌نکند
864,صحبت حور نخواهم که بود عین قصور
865,این زمان سر به ره آرم چه حکایت باشد
866,عیش‌ها دارم در این آتش که بینی دم به دم
867,ببند یک نفس ای آسمان دریچه صبح
868,همواره مرا کوی خرابات مقام است
869,نه بی او می‌توان بودن نه با او می‌توان گفتن
870,گر ز پیش خود برانی چون سگ از مسجد مرا
871,به زان که خرقه بر سر زنار می‌کنم
872,گر به خون تشنه‌ای اینک من و سر باکی نیست
873,آن گه بگویمت که دو پیمانه درکشم
874,نثار خاک رهت نقد جان من هر چند
875,به قهر اگر بستیزد هزار تن بکشد
876,بند بر پای توقف چه کند گر نکند
877,تو از غرور جوانی همیشه در خوابی
878,وز تو بخشایش تو می‌خواهم
879,یا دل از چنبر عشق تو به من وانرسد
880,چراغ دولتش نوری ندارد
881,هر ناله و فریاد که کردم نشنیدی
882,طمع در آن لب شیرین نکردنم اولی
883,چون نرود بنده‌وار هر که برندش اسیر
884,بس غریب افتاده است آن مور خط گرد رخت
885,که ندانم به خویشتن پرداخت
886,عمری که بی حضور صراحی و جام رفت
887,یا ببندد خون از این موضع که سوزن می‌بری
888,در راه عشق وسوسه اهرمن بسیست
889,گواهی می‌دهد صورت بر اخلاقش به زیبایی
890,بلای عشق تو بنیاد زهد و بیخ ورع
891,پیغام دوستان برسانی بدان پری
892,همه عالم صنم چین به حکایت گویند
893,که بر دل است ندانم کدام برگیرم
894,من از کمند تو اول چو وحش می‌برمیدم
895,دیده بردوختی از خلق جهان چون بازم
896,اعتقادی بنما و بگذر بهر خدا
897,نفس باد صبا مشک فشان خواهد شد
898,ساقی چمن گل را بی روی تو رنگی نیست
899,گل بخندید که از راست نرنجیم ولی
900,گر آن شیرین پسر خونم بریزد
901,که هم نادیده می‌بینی و هم ننوشته می‌خوانی
902,هر که روی یاسمین و جعد سنبل بایدش
903,گر واسطه سخن نبودی
904,زنهار نگویی این نه نیکوست
905,گرگ دهن آلوده یوسف ندریده
906,تو پادشاه کجا یاد پاسبان آری
907,شمع من روز نیامد که شبم بفروزی
908,قیمت وصل نداند مگر آزرده هجر
909,بنشین که به خاطر بگرفتست نشانت
910,فرخنده آن کسی که به سمع رضا شنید
911,وز پی دیدن او دادن جان کار من است
912,حذر کنید ز باران دیده سعدی
913,دلم در بند تنهایی بفرسود
914,دست طلب داشتن ز دامن معشوق
915,که مکدر شود آیینه مهرآیینم
916,حق نگه دار که من می‌روم الله معک
917,سیرتی چون صورت مستحسنت
918, ای سروبالای سهی کز صورت حال آگهی
919, چشم خدا بر تو ای بدیع شمایل
920,ره ندیدم چو برفت از نظرم صورت دوست
921, دو چشم مست تو کز خواب صبح برخیزند
922,خرم تن او که چون روانش
923,آتشی بر سرم از داغ جدایی می‌رفت
924,نرسیدی بگرد جولانت
925,راز سربسته ما بین که به دستان گفتند
926,بجز پیشت نخواهم سر نهادن
927,پس چه فرق از ناطقی تا جامدی
928,تویی که بر سر خوبان کشوری چون تاج
929,من و انکار شراب این چه حکایت باشد
930,ای رقیب این همه سودا مکن و جنگ مجوی
931,مرا به علت بیگانگی ز خویش مران
932,عمریست پادشاها کز می تهیست جامم
933, دست با سرو روان چون نرسد در گردن
934,به ناز اگر بخرامی جهان خراب کنی
935,می خور که صد گناه ز اغیار در حجاب
936,که زاد این صورت منظور محبوب
937,به راه میکده حافظ خوش از جهان رفتی
938,پس از چندین تحمل‌ها که زیر بار غم کردی
939,گو بیامرز که من حامل اوزار تو باشم
940,یا بگریزم به چه مردانگی
941,چشم بد را گفتم الحمدی بدم پیرامنش
942,الا که بریزد استخوانم
943,نه ممکن است که مثل نگار ما باشد
944,نتوان مرد به سختی که من این جا زادم
945,چو نسرین صد گل آرد بار و چون بلبل هزار آرد
946,همه در سایه گیسوی نگار آخر شد
947,ربیع العمر فی مرعی حماکم
948,سبز است در و دشت بیا تا نگذاریم
949,گر منش دوست ندارم همه کس دارد دوست
950,برقی از منزل لیلی بدرخشید سحر
951,با طبع ملولت چه کند دل که نسازد
952,آن گاه توبه استغفرالله
953,سروقدی میان انجمنی
954,نه مرا طاقت غربت نه تو را خاطر قربت
955,باخبر از درد من الا خبیر
956,وان که با یار هودجش نظر است
957,آمد به گوش ناگهم آواز بلبلی
958,خورشید اگر تو روی نپوشی فرو رود
959,چو ذکر خیر طلب می‌کنی سخن این است
960,گفت خود دادی به ما دل حافظا
961,مداد نیست کز او می‌رود زلال است این
962,شعری بخوان که با او رطل گران توان زد
963,ما نیز در رقص آوریم آن سرو سیم اندام را
964,از بس که دیر ماندی چون شام روزه داران
965,راحت جان باشد از آن قبضه تیغ
966,پیل اگر دربند می‌افتد مسخر می‌شود
967,که هشیاران نیاویزند با مست
968,این قدر هست که گه گه قدحی می نوشم
969,انگار که خاک آستانم
970,آفتاب آسا کند در شب تجلی روی تو
971,دست رنج تو همان به که شود صرف به کام
972,در گلستان ارم دوش چو از لطف هوا
973,اگر نه عقل به مستی فروکشد لنگر
974,گر مطیع خدمتت را کفر فرمایی بگوید
975,گر ملامت می‌کنندم ور قیامت می‌شود
976,که گر هلاک شوی منتی پذیر از دوست
977,من در پناه لطف تو خواهم گریختن
978,تا بدیدم ز سنگ سختتری
979,چون از این غصه ننالیم و چرا نخروشیم
980,سعدی شیرین زبان این همه شور از کجا
981,مرا مپرس که چونی به هر صفت که تو خواهی
982, خلاف سرو را روزی خرامان سوی بستان آی
983,رفتن آسان بود ار واقف منزل باشی
984,اگر روم ز پی اش فتنه‌ها برانگیزد
985,غافل از صوفیان شاهدباز
986,گر سرو بوستانت بیند که می‌خرامی
987,سیمرغ چه می‌کند به عصفور
988,لیکن چه توان کرد که قوت نتوان کرد
989,گویی دو چشم جادوی عابدفریب او
990,می‌روی و مقابلی غایب و در تصوری
991,سعدیا چاره ثباتست و مدارا و تحمل
992,تا به بستان ضمیرت گل معنی بشکفت
993,دگر چه چاره که با زورمند برنایند
994,با بلبلان بی‌دل شیدا مکن غرور
995, دل من در هوای روی فرخ
996,تو با این لطف طبع و دلربایی
997,در این سخن که بخواهند برد دست به دست
998,جان به هوای کوی او خدمت تن نمی‌کند
999, مجلس ما دگر امروز به بستان ماند
1000,پندش مده که جهل در او نیک محکمست
1001,آن غالیه خط گر سوی ما نامه نوشتی
1002,محمل بدار ای ساروان تندی مکن با کاروان
1003,ما حسبت الان الا قد هجم
1004,چل سال رنج و غصه کشیدیم و عاقبت
1005,صنم ماست که در هر خم زلفش چینیست
1006,برگ چشمم می‌نخوشد در زمستان فراقت
1007,من با کسی افتاده‌ام کز وی نپردازم به کس
1008,دامن گوهر بیار بر سر مجلس ببار
1009,نظیر دوست ندیدم اگر چه از مه و مهر
1010,کوه بنالد به زبان صدا
1011,بدر تمام روزی در آفتاب رویت
1012,اسیر خویش گرفتی بکش چنان که تو دانی
1013,مسند به گلستان بر تا شاهد و ساقی را
1014,نوبه زهدفروشان گران جان بگذشت
1015,مزن ز چون و چرا دم که بنده مقبل
1016,گرت اندیشه می‌باشد ز بدگویان بی معنی
1017,مهل که روز وفاتم به خاک بسپارند
1018, صید بیابان عشق چون بخورد تیر او
1019,ور کسی گفت مگر هم تو زبانش باشی
1020,شبی خوش هر که می‌خواهد که با جانان به روز آرد
1021,لبان لعل چون خون کبوتر
1022,درازنای شب از چشم دردمندان پرس
1023,صد بار توبه کرد و دگربار می‌کند
1024,یا لیت شعری حتام القاه
1025,گو به شیراز آی و خاک من ببوی
1026,یک بار بگو که کشتهٔ ماست
1027,که ما را دور کرد از دوستداران
1028, ز در درآ و شبستان ما منور کن
1029,ملامت من مسکین کسی کند که نداند
1030,گر از حدیث تو کوته کنم زبان امید
1031, یاد باد آن که ز ما وقت سفر یاد نکرد
1032,که سرفرازی عالم در این کله دانست
1033,عیدست و آنک ابروی همچون هلال دوست
1034,کز رقت اندرون ضعیفم چو جام شد
1035,سهل است تلخی می در جنب ذوق مستی
1036,همخانه من باشی و همسایه نداند
1037,ای محتسب از جوان چه خواهی
1038,که بی وجود شریفت جهان نمی‌بینم
1039,تهمتی بر شب روان خیل خواب انداختی
1040,در روی خود تفرج صنع خدای کن
1041,هر که هوا گرفت و رفت از پی آرزوی دل
1042,کز منطق آن شکرفشان است
1043,هر که درمان می‌پذیرد یا نصیحت می‌نیوشد
1044,خود شرم نمی‌آیدش از ننگ بضاعت
1045,کی روی ره ز که پرسی چه کنی چون باشی
1046,لیکن این هست که این نسخه سقیم افتادست
1047,مرغ عاشق بریده پر باشد
1048,ای برادر غم عشق آتش نمرود انگار
1049,تنش درست و دلش شاد باد و خاطر خوش
1050,مسند خواجگی و مجلس تورانشاهی
1051,فی الجمله می‌کنی و فرو می‌گذارمت
1052,پاره گرداند زلیخای صبا
1053,در دولت خاقان نتوان کرد خلافت
1054,که بگرفت این شب یلدا ملال از ماه و پروینم
1055,که عجب دارم اگر تخته به ساحل برود
1056,بر رخ او نظر از آینه پاک انداز
1057,اگر چه هر چه جهانت به دل خریدارند
1058,آن کس که به دست جام دارد
1059,دعای صبح و آه شب کلید گنج مقصود است
1060,ور چو پروانه دهد دست فراغ بالی
1061,که مونس دم صبحم دعای دولت توست
1062,ما و چراغ چشم و ره انتظار دوست
1063,یار دیرینه ببینید که با یار چه کرد
1064,شاهد ما آیتیست وین همه تفسیر او
1065,گاه گویم که بنالم ز پریشانی حالم
1066,باشد که گذر باشد یک روز بر آن خاکت
1067,شرممان باد ز پشمینه آلوده خویش
1068,چو خود بیاید عذرش بباید آوردن
1069,به فیض جرعه جام تو تشنه‌ایم ولی
1070,که نه کاریست شکیبایی و اندهناکی
1071,اگر خاک وی اندر دیده مالی
1072,یا رب این آتش که در جان من است
1073,عزم سبک عنان تو در جنبش آورد
1074,یا گناهیست که اول من مسکین کردم
1075,امشب سبکتر می‌زنند این طبل بی‌هنگام را
1076,کس ندیدست آدمیزاد از تو شیرین‌تر سخن
1077,نگاه دار سر رشته تا نگه دارد
1078,دلت نسوخت که مسکین امیدوار منست
1079,عوام خلق ملامت کنند صوفی را
1080,که التفات کند کمترین گدایی را
1081,اگر چه مالک رقی و پادشاه به حقی
1082,پرده پرهیزکنان می‌دری
